t,u,y,uv,yv
0.0,1,0.0,2.5,0.0
0.01,1,0.2144283328416086,2.5,0.2439118328416086
0.02,1,0.8852316094397783,2.5,0.9431981727858516
0.03,1,0.0727554334216407,2.5,0.15825202643204
0.04,1,0.6720538994191371,2.5,0.784172625982858
0.05,1,-0.6409683850293955,2.5,-0.5030924405699755
0.06,1,0.14430624579336754,2.5,0.3071154189350725
0.07,1,-0.6703785427094608,2.5,-0.48342115948416087
0.08,1,0.3431948808071063,2.5,0.5535525637893214
0.09,1,0.28548114303553795,2.5,0.518526550395459
0.1,1,0.6929289616833316,2.5,0.9479831644278567
0.11,1,0.8471654488435159,2.5,1.1235815565158378
0.12,1,0.15228795973643308,2.5,0.44944958941983104
0.13,1,0.4913108788562571,2.5,0.8086306973579472
0.14,1,-0.6211596029639199,2.5,-0.284241267246833
0.15,1,0.3312682396247801,2.5,0.6872517607615711
0.16,1,-0.4410308627965514,2.5,-0.06649040683143648
0.17,1,0.7853206637505532,2.5,1.1779336867139012
0.18,1,0.4326023740391252,2.5,0.8428263377731452
0.19,1,0.9522528286247244,2.5,1.3796477618917413
0.2,1,0.592382371373628,2.5,1.036528923252062
0.21,1,0.07598155940616799,2.5,0.5364800140729661
0.22,1,0.1985658630609849,2.5,0.6750352016662918
0.23,1,-0.6114237109923912,2.5,-0.11934670360928712
0.24,1,0.4273836248267869,2.5,0.9347220389299558
0.25,1,-0.19834722422667736,2.5,0.32392247771260957
0.26,1,1.1603361861148185,2.5,1.6972224289644564
0.27,1,0.44877883064933677,2.5,0.9999815050892449
0.28,1,1.0685817155380577,2.5,1.6338146506024338
0.29,1,0.3216752059766756,2.5,0.9006655032258626
0.3,1,0.134498430522222,2.5,0.7269858300402441
0.31,1,0.08815026033946771,2.5,0.6938865370360017
0.32,1,-0.2921116810536258,2.5,0.3266367077145923
0.33,1,0.7078615856806537,2.5,1.339396234031727
0.34,1,0.17667802937224783,2.5,0.8207834762330298
0.35,1,1.4381375917339707,2.5,2.0946082711574068
0.36,1,0.4664135162670487,2.5,1.1350532848643837
0.37,1,1.0715143402870706,2.5,1.7521360272480815
0.38,1,-0.007092825793594326,2.5,0.6853321528278637
0.39,1,0.17768044929180127,2.5,0.8817382289862022
0.4,1,0.02258135986487242,2.5,0.7381091976703473
0.41,1,0.10451187852118063,2.5,0.8313544091805947
0.42,1,0.9000176343655499,2.5,1.6380265180871092
0.43,1,0.4894608905641501,2.5,1.238494477618365
0.44,1,1.4463804995489538,2.5,2.206303510897192
0.45,1,0.30478368415997614,2.5,1.0754669073483671
0.46,1,0.9301976370850581,2.5,1.7115176366739622
0.47,1,-0.24694562573725687,2.5,0.5448932160971192
0.48,1,0.3340784011956325,2.5,1.1363233898546135
0.49,1,0.04883624057126179,2.5,0.8613796693670797
0.5,1,0.5552399012304662,2.5,1.3779788141567872
0.51,1,1.026525074506322,2.5,1.8593610395648927
0.52,1,0.6979765863165903,2.5,1.5408154796782834
0.53,1,1.299632004010716,2.5,2.152383804493064
0.54,1,0.10270314120083424,2.5,0.9652817345690503
0.55,1,0.7532621191329633,2.5,1.6255851117547242
0.56,1,-0.4130605767747259,2.5,0.46892796463235414
0.57,1,0.5358113236649011,2.5,1.4273899375957202
0.58,1,0.13252472391610587,2.5,1.033621147433978
0.59,1,0.9670106067737643,2.5,1.8775556370747322
0.6,1,1.064502318123966,2.5,1.984429666666696
0.61,1,0.9108353362124133,2.5,1.8400814898201954
0.62,1,1.1357642930820198,2.5,2.074268381683521
0.63,1,0.08626954717918722,2.5,1.0339732178707632
0.64,1,0.6689663332203535,2.5,1.6258136303476094
0.65,1,-0.3212223527538451,2.5,0.6447148982171629
0.66,1,0.9241581396538622,2.5,1.8991338462099794
0.67,1,0.3944481104810735,2.5,1.3784128451645674
0.68,1,1.395580920148803,2.5,2.388487227718779
0.69,1,0.9921103429303648,2.5,1.9939126464906058
0.7,1,0.9631437304404842,2.5,1.9737982420538502
0.71,1,0.7577157216325013,2.5,1.7771803572074942
0.72,1,-0.03749494610276688,2.5,0.9907393521425379
0.73,1,0.5655218983601827,2.5,1.6024869436127305
0.74,1,-0.10902349310462728,2.5,0.9366348556366848
0.75,1,1.2268377040181437,2.5,2.281153314902839
0.76,1,0.5951038090375602,2.5,1.6580419762659473
0.77,1,1.6977479208979085,2.5,2.7692752107729905
0.78,1,0.8754796035875893,2.5,1.9555637941041615
0.79,1,1.0267568886584275,2.5,2.1153669119793457
0.8,1,0.5336687571147543,2.5,1.6307746447964533
0.81,1,0.1993223617474636,2.5,1.3048951925831875
0.82,1,0.7203959620192764,2.5,1.8344078123750163
0.83,1,0.29541327642622156,2.5,1.4178371729501136
0.84,1,1.5572521058453643,2.5,2.6880619804371793
0.85,1,0.8238309487811752,2.5,1.9630015957138152
0.86,1,1.7514852502695115,2.5,2.8989922853596775
0.87,1,0.6623696485476737,2.5,1.8181894702777146
0.88,1,1.0259119532683605,2.5,2.1900217057661204
0.89,1,0.3114904078497812,2.5,1.4838679456375332
0.9,1,0.4221189896015805,2.5,1.6027428440295965
0.91,1,0.801752329921056,2.5,1.9906016772051482
0.92,1,0.7157575345578939,2.5,1.9128121653444228
0.93,1,1.715312912632101,2.5,2.920553203017311
0.94,1,0.8910269211541297,2.5,2.1044338050883518
0.95,1,1.6561196464356347,2.5,2.8776745894461406
0.96,1,0.31895905568218713,2.5,1.5486440298517092
0.97,1,0.8640368612717335,2.5,2.1018343214125643
0.98,1,0.08064980905233637,2.5,1.3265426700188965
0.99,1,0.6729995076952272,2.5,1.9269711227807154
1.0,1,0.8787947010179165,2.5,2.1408288413831227
1.01,1,1.1141972070275674,2.5,2.3842780421126655
1.02,1,1.7045586685243739,2.5,2.9826707473965595
1.03,1,0.906814968011953,2.5,2.192943201604263
1.04,1,1.4563745074886283,2.5,2.7505041516873767
1.05,1,0.12422833831448882,2.5,1.4263449778546817
1.06,1,0.8803802610435064,2.5,2.1904697941736764
1.07,1,0.10965870241844822,2.5,1.4277073262980724
1.08,1,1.1123490231536968,2.5,2.4383432199482518
1.09,1,1.0311979586223439,2.5,2.3651244822626367
1.1,1,1.4252114737735184,2.5,2.7670573373474268
1.11,1,1.5583616538726934,2.5,2.9081141176192995
1.12,1,0.8257163890300769,2.5,2.183362948907193
1.13,1,1.1592245094211153,2.5,2.5247528862189488
1.14,1,0.03718393893057287,2.5,1.41058206790531
1.15,1,1.0364259396921716,2.5,2.4176819606947015
1.16,1,0.30040048542584546,2.5,1.6895027335019555
1.17,1,1.5016342619231537,2.5,2.8985712583626055
1.18,1,1.1343231289002236,2.5,2.5390835727133236
1.19,1,1.6534679330930362,2.5,3.0660406928941963
1.2,1,1.332725839077117,2.5,2.753099945356007
1.21,1,0.84403138250393,2.5,2.2721960202657203
1.22,1,0.9701388427138693,2.5,2.4060833444707894
1.23,1,0.14489503620312477,2.5,1.5886088753007148
1.24,1,1.212628896546343,2.5,2.6641016808082627
1.25,1,0.5663250084548445,2.5,2.0255464741311346
1.26,1,1.8752393095818563,2.5,3.3421993155860164
1.27,1,1.1755539621890336,2.5,2.6502424846102337
1.28,1,1.7712214041309435,2.5,3.253628531008134
1.29,1,0.9723230526845159,2.5,2.462438979029956
1.3,1,0.7710764589620399,2.5,2.26889148202233
1.31,1,0.7300902181306315,2.5,2.2355947328738517
1.32,1,0.35259899298674496,2.5,1.865783487804965
1.33,1,1.360704659764656,2.5,2.8815597123814363
1.34,1,0.8228917677104419,2.5,2.3514080412836016
1.35,1,2.0300792746189176,2.5,3.5662475140292074
1.36,1,1.009709933841047,2.5,2.5535209621578474
1.37,1,1.6429175969691217,2.5,3.1943623120846416
1.38,1,0.6058284654992698,2.5,2.1648978369233203
1.39,1,0.7871092864770385,2.5,2.3537943522846088
1.4,1,0.6220008773120467,2.5,2.196292741236387
1.41,1,0.7206640973040916,2.5,2.3025539259684016
1.42,1,1.5482006953650973,2.5,3.137679715646127
1.43,1,1.1633067537986903,2.5,2.7603662503160002
1.44,1,2.112043585672783,2.5,3.716674898397653
1.45,1,0.9514427304004611,2.5,2.5636372523786513
1.46,1,1.5490696409074123,2.5,3.1688188160904924
1.47,1,0.3607936527702624,2.5,1.9880889739501524
1.48,1,0.9737928306485784,2.5,2.6086258374904787
1.49,1,0.6820201956952121,2.5,2.3243824728641425
1.5,1,1.1825501824459979,2.5,2.8324333578225978
1.51,1,1.7212360718959627,2.5,3.3786318148770826
1.52,1,1.428034909202562,2.5,3.092934929082802
1.53,1,2.0188312757708005,2.5,3.691227320201021
1.54,1,0.8336547790074796,2.5,2.5135386325265694
1.55,1,1.4376938335503224,2.5,3.1250573161868522
1.56,1,0.2733637785375411,2.5,1.968198744477821
1.57,1,1.247786377143697,2.5,2.9500847134631574
1.58,1,0.857708943323301,2.5,2.567462568778131
1.59,1,1.6774150801627534,2.5,3.394615944038953
1.6,1,1.7277773753052936,2.5,3.452417456322314
1.61,1,1.5312326920026191,2.5,3.263303997269109
1.62,1,1.6750632943288766,2.5,3.414557858347907
1.63,1,0.5943333060464755,2.5,2.3412431897679857
1.64,1,1.2184509600005198,2.5,2.9727682499186696
1.65,1,0.22425984764328127,2.5,1.9859766549366014
1.66,1,1.4211156316339306,2.5,3.1902240913461606
1.67,1,0.9601900148596666,2.5,2.7366822851194366
1.68,1,1.9495037671708062,2.5,3.733372028448216
1.69,1,1.5765380293217934,2.5,3.367774483720124
1.7,1,1.5388674071560393,2.5,3.3374642777370593
1.71,1,1.3452817682045997,2.5,3.1512312983456394
1.72,1,0.5962960176306353,2.5,2.409590470412075
1.73,1,1.140571834185306,2.5,2.961203491807026
1.74,1,0.392847320277968,2.5,2.220808483503218
1.75,1,1.6841829785144509,2.5,3.519465966140031
1.76,1,1.0663565733300622,2.5,2.9089537216814225
1.77,1,2.1102656620860745,2.5,3.9601693245361846
1.78,1,1.305044562628906,2.5,3.1622471091397664
1.79,1,1.4392976036663503,2.5,3.3037914203520504
1.8,1,0.9573493153354082,2.5,2.8291268040457185
1.81,1,0.6043485727423105,2.5,2.4834021506658006
1.82,1,1.0959283317185469,2.5,2.982250431004327
1.83,1,0.6819705963967064,2.5,2.5755536637938463
1.84,1,1.9125714384078942,2.5,3.813407934921804
1.85,1,1.1538090578711249,2.5,3.0618914584358947
1.86,1,2.116964132422677,2.5,4.032284925588797
1.87,1,0.9467595270047585,2.5,2.8693112146413386
1.88,1,1.2814657714573716,2.5,3.2112408684683116
1.89,1,0.6011133148062635,2.5,2.5381043488595636
1.9,1,0.71652769046121,2.5,2.66072720173089
1.91,1,1.1073811488992304,2.5,3.0587816898192104
1.92,1,1.0138799629785613,2.5,2.9724740980079813
1.93,1,1.9973030139068217,2.5,3.9630833193061923
1.94,1,1.224371653596752,2.5,3.1973307172144323
1.95,1,1.998501913531986,2.5,3.9786323346005563
1.96,1,0.6513897645182689,2.5,2.6386841534602388
1.97,1,1.1957940983834798,2.5,3.19024507662594
1.98,1,0.37884131327802306,2.5,2.3804415130757928
1.99,1,0.9982718080071751,2.5,3.007013872274085
2.0,1,1.179100228800095,2.5,3.194976810947915
2.01,1,1.3992328767611752,2.5,3.4222366405459352
2.02,1,2.0086564967315894,2.5,4.03878011610688
2.03,1,1.2116897147614472,2.5,3.2489258737383473
2.04,1,1.7538157916834818,2.5,3.798157184196872
2.05,1,0.42111521967277865,2.5,2.4725545494536787
2.06,1,1.2152628541136643,2.5,3.273792834567294
2.07,1,0.3968595449246031,2.5,2.462472899013933
2.08,1,1.3869799112672103,2.5,3.4596693714017404
2.09,1,1.3114771977887325,2.5,3.3912355057182126
2.1,1,1.7091981546937127,2.5,3.796018061406613
2.11,1,1.8242080527733397,2.5,3.9180823183998097
2.12,1,1.1212979949886612,2.5,3.222219388707741
2.13,1,1.4868414762561264,2.5,3.594802776207116
2.14,1,0.38023181204878037,2.5,2.4952258052464606
2.15,1,1.3073399525680134,2.5,3.429359434821503
2.16,1,0.6054247702435456,2.5,2.734462546078836
2.17,1,1.8900433420114786,2.5,4.026092224597148
2.18,1,1.5034006870097327,2.5,3.646453498086003
2.19,1,2.009615263863056,2.5,4.159664833673796
2.2,1,1.676577473252019,2.5,3.8336166404797294
2.21,1,1.1741502337756706,2.5,3.3381718454791707
2.22,1,1.2818644598883373,2.5,3.452861371443067
2.23,1,0.4682765800248558,2.5,2.646241655065746
2.24,1,1.503428185129896,2.5,3.6883542954965964
2.25,1,0.8906885958677131,2.5,3.082568621552073
2.26,1,2.2167501342692724,2.5,4.415576963365012
2.27,1,1.481177068937983,2.5,3.6869435975923732
2.28,1,2.095052508283942,2.5,4.307751640651532
2.29,1,1.352900257780751,2.5,3.5725249059788915
2.3,1,1.1574829007493115,2.5,3.3840259848154814
2.31,1,1.130693955342494,2.5,3.3641484031933437
2.32,1,0.7623732278422763,2.5,3.0027319752342363
2.33,1,1.7646081330024237,2.5,4.011864123493893
2.34,1,1.2197434955915532,2.5,3.4738896805065433
2.35,1,2.4581378121482267,2.5,4.719167150541387
2.36,1,1.4438011273014233,2.5,3.7117065859244027
2.37,1,2.055029914653187,2.5,4.329804467922267
2.38,1,1.007542101201958,2.5,3.289178731166888
2.39,1,1.2164426422773624,2.5,3.5049343385913123
2.4,1,1.01416439397018,2.5,3.3095041538608405
2.41,1,1.0911760169941989,2.5,3.393356845235879
2.42,1,1.881600028691286,2.5,4.190614937578066
2.43,1,1.5117601619932803,2.5,3.82760217131297
2.44,1,2.461575862981336,2.5,4.784237999990536
2.45,1,1.280985728310061,2.5,3.6104610277098708
2.46,1,1.8630371809943114,2.5,4.199318684907031
2.47,1,0.6416851126016779,2.5,2.9847658705481677
2.48,1,1.2232567160221552,2.5,3.573129784899995
2.49,1,0.9701006752325316,2.5,3.326759119294872
2.5,1,1.4711563263123135,2.5,3.834593217147404
2.51,1,1.9682170830479286,2.5,4.338425499559269
2.52,1,1.6876321789789654,2.5,4.064605207366085
2.53,1,2.275880361223802,2.5,4.659611094963622
2.54,1,1.0825316883228386,2.5,3.4730132281515784
2.55,1,1.7210346441085653,2.5,4.118260098004195
2.56,1,0.5553803939586401,2.5,2.9593428771238
2.57,1,1.5231150221088807,2.5,3.9338076569543112
2.58,1,1.1249477530308298,2.5,3.5423636691592697
2.59,1,1.932382870781589,2.5,4.356515204972079
2.6,1,2.0394416513926656,2.5,4.470283547585256
2.61,1,1.873221187758969,2.5,4.310765797039869
2.62,1,2.0417394463164613,2.5,4.485979926903531
2.63,1,0.9632745729729912,2.5,3.4142040902016317
2.64,1,1.6181134185900472,2.5,4.075725144899347
2.65,1,0.630580671450111,2.5,3.0948677863694214
2.66,1,1.7967891469907955,2.5,4.267744837126576
2.67,1,1.2819701976037774,2.5,3.759587656626687
2.68,1,2.304671883144907,2.5,4.788944311777277
2.69,1,1.937791910154023,2.5,4.428712516157513
2.7,1,1.8873440083297064,2.5,4.384906006493266
2.71,1,1.6950758081436177,2.5,4.199272420271678
2.72,1,0.88649931354652,2.5,3.3973237684474293
2.73,1,1.4917456438355448,2.5,4.009191177310185
2.74,1,0.7938524658559172,2.5,3.3179123206866077
2.75,1,2.10387575391619,2.5,4.634543179855709
2.76,1,1.4811316892413335,2.5,4.018399943002214
2.77,1,2.5562459637842556,2.5,5.100108309028206
2.78,1,1.7392366099314402,2.5,4.2896863172589805
2.79,1,1.883885725114785,2.5,4.440916072054995
2.8,1,1.3784114557902551,2.5,3.942015726790755
2.81,1,1.03466499327909,2.5,3.6048364796961403
2.82,1,1.6079891723159458,2.5,4.184721172404696
2.83,1,1.2382056015461096,2.5,3.8214914204509203
2.84,1,2.468436436148513,2.5,5.058269385893572
2.85,1,1.7090880221894145,2.5,4.305461421669304
2.86,1,2.637086443751685,2.5,5.239993618722195
2.87,1,1.5018103014300654,2.5,4.111244584499035
2.88,1,1.8679771013143767,2.5,4.483931831932708
2.89,1,1.140960264338969,2.5,3.7634287887917295
2.9,1,1.2672894683224138,2.5,3.8962651397200334
2.91,1,1.6765954402844925,2.5,4.312071618554032
2.92,1,1.6098112306938537,2.5,4.251781282570423
2.93,1,2.626717222729601,2.5,5.2751745217478305
2.94,1,1.8297620648611996,2.5,4.48469999134679
2.95,1,2.607876088266687,2.5,5.2692880293280275
2.96,1,1.2706021190140804,2.5,3.9384814685340195
2.97,1,1.8188044048989023,2.5,4.493144563526492
2.98,1,1.009553403233419,2.5,3.690347778375779
2.99,1,1.6016025053267076,2.5,4.288844511140988
3.0,1,1.7936716217101059,2.5,4.487354679095436
3.01,1,1.9733763270665674,2.5,4.673493863656128
3.02,1,2.562240843176876,2.5,5.268786293330025
3.03,1,1.7615832337259625,2.5,4.474550038520393
3.04,1,2.339749041402966,2.5,5.059130648626915
3.05,1,1.05713217374651,2.5,3.7829220378910597
3.06,1,1.860346661069612,2.5,4.592538243321022
3.07,1,1.0255403241843215,2.5,3.7641270924163512
3.08,1,2.0377910741133825,2.5,4.782766502879773
3.09,1,1.9186112157261923,2.5,4.6699687862531025
3.1,1,2.3069507707630796,2.5,5.0646839709415605
3.11,1,2.439897333868597,2.5,5.2039996582472074
3.12,1,1.7310432454994322,2.5,4.501508195276763
3.13,1,2.077202381741773,2.5,4.854023464759094
3.14,1,0.9441110229125187,2.5,3.7272817536464284
3.15,1,1.8937170793139833,2.5,4.683230978869103
3.16,1,1.1698217999780443,2.5,3.965672396079755
3.17,1,2.416047492435508,2.5,5.218228319422698
3.18,1,2.0072353780400882,2.5,4.815739976857947
3.19,1,2.5243532124243893,2.5,5.339175130617219
3.2,1,2.1390830424620355,2.5,4.960215834166076
3.21,1,1.6487304793586754,2.5,4.476167705295035
3.22,1,1.7797221436422084,2.5,4.613457371109709
3.23,1,0.9967060937184564,2.5,3.836732896586577
3.24,1,2.034796902373695,2.5,4.8811088610755355
3.25,1,1.3558761632316216,2.5,4.208466864756842
3.26,1,2.696805594832749,2.5,5.555668632720609
3.27,1,1.9775609596246286,2.5,4.842689933956989
3.28,1,2.5945006500814327,2.5,5.465889167475773
3.29,1,1.8353630036593094,2.5,4.7130046772618295
3.3,1,1.6137730311930103,2.5,4.49766148067168
3.31,1,1.5547363833698449,2.5,4.444865234907505
3.32,1,1.1884140327515091,2.5,4.084776919039009
3.33,1,2.2064734086762514,2.5,5.1090639689055815
3.34,1,1.6932084793305895,2.5,4.602020359188019
3.35,1,2.9047929768701066,2.5,5.819819828529376
3.36,1,1.906487057474536,2.5,4.8277225395900265
3.37,1,2.505553584618323,2.5,5.432991362318283
3.38,1,1.4653441218786998,2.5,4.398977866758459
3.39,1,1.6395863808955962,2.5,4.579409771010786
3.4,1,1.4499813166861877,2.5,4.395988036545997
3.41,1,1.5122638287692167,2.5,4.464447569329677
3.42,1,2.3522868760093107,2.5,5.31064133466655
3.43,1,1.9461598834156584,2.5,4.910678763999198
3.44,1,2.8860386379066063,2.5,5.856715650672686
3.45,1,1.7104912798238336,2.5,4.687320141448714
3.46,1,2.3182015928609045,2.5,5.301176026434194
3.47,1,1.1153053324766844,2.5,4.104419067494703
3.48,1,1.696063773120319,2.5,4.691310545479429
3.49,1,1.3985121904635918,2.5,4.399885742453592
3.5,1,1.896733232661344,2.5,4.9042273129588345
3.51,1,2.416434598999464,2.5,5.430042962661234
3.52,1,2.0942537595946042,2.5,5.113970168051045
3.53,1,2.6874467624972174,2.5,5.713264983545737
3.54,1,1.4650485819151777,2.5,4.496962389713619
3.55,1,2.0210338095116662,2.5,5.059036984571747
3.56,1,0.8533057805729204,2.5,3.89739210975365
3.57,1,1.826751521967291,2.5,4.876914798468471
3.58,1,1.4538571721786706,2.5,4.510091195534321
3.59,1,2.2922634679143186,2.5,5.354562043986179
3.6,1,2.386415306345911,2.5,5.454772247316921
3.61,1,2.190732255768903,2.5,5.265141380136684
3.62,1,2.399043871521953,2.5,5.479499004092313
3.63,1,1.3170620824742036,2.5,4.403557054354653
3.64,1,1.9305093496176067,2.5,5.023037998210897
3.65,1,0.9390952852557849,2.5,4.037651454253395
3.66,1,2.135273869389304,2.5,5.239851408765035
3.67,1,1.6193678368593616,2.5,4.729960602862842
3.68,1,2.60115273511338,2.5,5.71775459026365
3.69,1,2.271860478144,2.5,5.394465291223041
3.7,1,2.2152740114559637,2.5,5.343875657502314
3.71,1,2.0179976496079717,2.5,5.1525900099102815
3.72,1,1.2441708304568906,2.5,4.38474779254753
3.73,1,1.8278935251768538,2.5,4.974448982825473
3.74,1,1.1053665488550062,2.5,4.257894402062207
3.75,1,2.434559350231968,2.5,5.593053505222848
3.76,1,1.825671694049375,2.5,4.990126063267195
3.77,1,2.8285462659861507,2.5,5.99895476808595
3.78,1,2.0276226927785825,2.5,5.203979252620803
3.79,1,2.16563019717524,2.5,5.347928745819409
3.8,1,1.6490903133109402,2.5,4.83732478800928
3.81,1,1.2630121007595194,2.5,4.457176444950629
3.82,1,1.8276668125012316,2.5,5.027754975803761
3.83,1,1.4222318838529628,2.5,4.628237822059282
3.84,1,2.6904826439176164,2.5,5.902400318987487
3.85,1,1.953837460299474,2.5,5.171660840353734
3.86,1,2.9281183034221696,2.5,6.15184136273646
3.87,1,1.7788659009134324,2.5,5.008482619911892
3.88,1,2.113080690050762,2.5,5.348585055299711
3.89,1,1.4088641822746544,2.5,4.650250186476354
3.9,1,1.5535615507872853,2.5,4.800823192773626
3.91,1,1.9610155228762698,2.5,5.214146807602539
3.92,1,1.8672215218476484,2.5,5.126216460386249
3.93,1,2.879233442962796,2.5,6.144086052496986
3.94,1,2.0681559423362077,2.5,5.338860246153877
3.95,1,2.818377721827967,2.5,6.094927749315367
3.96,1,1.4910844553230078,2.5,4.773474241958567
3.97,1,2.071835007894877,2.5,5.360058595242927
3.98,1,1.2781622098789183,2.5,4.572213645583498
3.99,1,1.896559174755812,2.5,5.196432512534452
4.0,1,2.0997827029164498,2.5,5.40547200255398
4.01,1,2.2941890873443,2.5,5.60568841468661
4.02,1,2.9286039777826147,2.5,6.245907404730515
4.03,1,2.1456532793554524,2.5,5.468754883858452
4.04,1,2.6942830227978134,2.5,6.0231768888479635
4.05,1,1.3509862810907125,2.5,4.685666498716423
4.06,1,2.123765458209375,2.5,5.464226123469236
4.07,1,1.3074805385180586,2.5,4.653715753494708
4.08,1,2.278835293558665,2.5,5.630839166352626
4.09,1,2.1972820211509303,2.5,5.55504866587446
4.1,1,2.5972998699164234,2.5,5.960823406687393
4.11,1,2.7362397851448566,2.5,6.105514340080586
4.12,1,2.0553092800264734,2.5,5.430328985237633
4.13,1,2.3898546600156476,2.5,5.770613653600147
4.14,1,1.2457014647276627,2.5,4.6321938907644835
4.15,1,2.2068866786748123,2.5,5.5991066872179625
4.16,1,1.4545181566548029,2.5,4.852459903727173
4.17,1,2.7144571022617976,2.5,6.118114749849117
4.18,1,2.3458687403380702,2.5,5.755236456382761
4.19,1,2.8847239059330194,2.5,6.29979586432816
4.2,1,2.5605792052441907,2.5,5.981349585827411
4.21,1,2.051568950100362,2.5,5.478031938647803
4.22,1,2.1543623210208187,2.5,5.586512109241039
4.23,1,1.308925580842595,2.5,4.746756366370535
4.24,1,2.3582080693184264,2.5,5.801714055709366
4.25,1,1.7403621063882202,2.5,5.18953750311172
4.26,1,3.0523761729462655,2.5,6.507215195380145
4.27,1,2.3359775547734523,2.5,5.796474424197733
4.28,1,2.904060096145851,2.5,6.3702090397367614
4.29,1,2.1259207286969,2.5,5.5977159795208395
4.3,1,1.9543735399233144,2.5,5.431809336930835
4.31,1,1.9296391169285938,2.5,5.412709704948424
4.32,1,1.5328853673607017,2.5,5.021584997093732
4.33,1,2.5377902304476656,2.5,6.0321131584609455
4.34,1,1.9838246560464858,2.5,5.4837651447672355
4.35,1,3.2047237034960516,2.5,6.710276021205711
4.36,1,2.218630257529908,2.5,5.729788678358128
4.37,1,2.814099788152049,2.5,6.330858592070738
4.38,1,1.719294645323913,2.5,5.2416481181412635
4.39,1,1.927947063521232,2.5,5.455889496875793
4.4,1,1.7853064222490904,2.5,5.318832113603792
4.41,1,1.8666363005136812,2.5,5.405739553149892
4.42,1,2.673645048372363,2.5,6.2183201713839535
4.43,1,2.251703193082031,2.5,5.801944501369451
4.44,1,3.2155569999012514,2.5,6.771358814165601
4.45,1,2.040510292194413,2.5,5.601866938931523
4.46,1,2.636630264910124,2.5,6.203536076404644
4.47,1,1.43090935631365,2.5,5.00335867063312
4.48,1,2.0354877393588175,2.5,5.613474900347807
4.49,1,1.744445906366157,2.5,5.327965263640338
4.5,1,2.251281636137633,2.5,5.840327545077893
4.51,1,2.7371571176298097,2.5,6.331723939376389
4.52,1,2.442590828638723,2.5,6.042672930085323
4.53,1,3.0509505792524334,2.5,6.656542333040334
4.54,1,1.8518721725363874,2.5,5.462967957048617
4.55,1,2.488687967972526,2.5,6.105282167327966
4.56,1,1.3340267523428808,2.5,4.956113756390421
4.57,1,2.288958093931145,2.5,5.916532298243865
4.58,1,1.9091250102186033,2.5,5.542180816087893
4.59,1,2.734772403388573,2.5,6.3733042178183235
4.6,1,2.798808476726041,2.5,6.442810712426792
4.61,1,2.6471081265008727,2.5,6.296575201884023
4.62,1,2.8185871734836896,2.5,6.473513512655649
4.63,1,1.7164764298068425,2.5,5.376856462563222
4.64,1,2.3463783370849853,2.5,6.012206498904825
4.65,1,1.3372451810987689,2.5,5.0085159131387185
4.66,1,2.583259225003193,2.5,6.259966974091692
4.67,1,2.0436683871196495,2.5,5.7258076057511795
4.68,1,3.006674229521771,2.5,6.694239375851062
4.69,1,2.6181446016378427,2.5,6.311130139474082
4.7,1,2.5690421350487975,2.5,6.267442533849878
4.71,1,2.374420197479122,2.5,6.078229932345872
4.72,1,1.6261252034201505,2.5,5.3353387550905715
4.73,1,2.2351762799767467,2.5,5.949788134820277
4.74,1,1.4985912793484726,2.5,5.218595929360232
4.75,1,2.8187965814846323,2.5,6.544188524279672
4.76,1,2.176517827678456,2.5,5.907291566486036
4.77,1,3.2381910296053427,2.5,6.974341073263193
4.78,1,2.4543892054941865,2.5,6.195910068442807
4.79,1,2.5939162005395424,2.5,6.340802402816462
4.8,1,2.056746968065795,2.5,5.808993035299876
4.81,1,1.7061959561891538,2.5,5.463796419594864
4.82,1,2.2475668840630108,2.5,6.010516280434761
4.83,1,1.8533143544703823,2.5,5.621607226176803
4.84,1,3.1013617593878653,2.5,6.874992654366115
4.85,1,2.367394880943339,2.5,6.146358352693449
4.86,1,3.3494009466995065,2.5,7.1336915542786965
4.87,1,2.2090804392371592,2.5,5.998692747254159
4.88,1,2.5135864098872864,2.5,6.308514988496667
4.89,1,1.7659579814478497,2.5,5.566197406344379
4.9,1,1.8975783952315903,2.5,5.70312324764457
4.91,1,2.3115039792181173,2.5,6.122348845905737
4.92,1,2.24320344788229,2.5,6.059342921126001
4.93,1,3.245208772303533,2.5,7.066637449902383
4.94,1,2.419368534042028,2.5,6.246081019307058
4.95,1,3.2146678439191794,2.5,7.046658745667799
4.96,1,1.8748008843036756,2.5,5.712064816854015
4.97,1,2.4181450139181218,2.5,6.260676597083451
4.98,1,1.6095386335008515,2.5,5.4573324925839515
4.99,1,2.2065350144825033,2.5,6.059585780270104
5.0,1,2.3946358198944795,0.0,6.2529381286516
5.01,1,2.6128159548294843,0.0,6.427225281627234
5.02,1,3.2064217307190854,0.0,6.978600117185596
5.03,1,2.3705172491675084,0.0,6.102047737438848
5.04,1,2.918721528661469,0.0,6.611111937045148
5.05,1,1.5958697286140824,0.0,5.2505562467790625
5.06,1,2.418520644390371,0.0,6.03687125671014
5.07,1,1.625659360206246,0.0,5.208977105469076
5.08,1,2.6252287588859,0.0,6.174754834193819
5.09,1,2.555727715939203,0.0,6.072644432243322
5.1,1,2.965044202023779,0.0,6.45047779838772
5.11,1,3.1093122933464503,0.0,6.564335616690499
5.12,1,2.3782808614181596,0.0,5.80391591817409
5.13,1,2.7456862584363306,0.0,6.142906644235452
5.14,1,1.577710992458865,0.0,4.947444205683255
5.15,1,2.5317978426642265,0.0,5.874927487412367
5.16,1,1.7669390910992266,0.0,5.084306974851986
5.17,1,3.023509146714714,0.0,6.315917277734884
5.18,1,2.6230575392858695,0.0,5.8912700285439294
5.19,1,3.139153382920196,0.0,6.383898255109917
5.2,1,2.812650434466613,0.0,6.034621352455873
5.21,1,2.2859823057953714,0.0,5.485840212649981
5.22,1,2.4526827232734085,0.0,5.631057405793828
5.23,1,1.6615573721317802,0.0,4.819048949654441
5.24,1,2.702990897266138,0.0,5.840171239301548
5.25,1,2.059718303643693,0.0,5.177132379753023
5.26,1,3.3977351116445274,0.0,6.495902276793477
5.27,1,2.6830613561826793,0.0,5.762476574656849
5.28,1,3.265989250273233,0.0,6.327124261091723
5.29,1,2.526353240721674,0.0,5.569657667345185
5.3,1,2.346434946654431,0.0,5.372337353650612
5.31,1,2.2951077966558535,0.0,5.304016695857293
5.32,1,1.9437438472146331,0.0,4.936048655783653
5.33,1,2.932512660988096,0.0,5.9085846136872355
5.34,1,2.385512655486304,0.0,5.345705673343364
5.35,1,3.589811611636027,0.0,6.534463129088067
5.36,1,2.6002070413038756,0.0,5.5296387938047555
5.37,1,3.2130911071240047,0.0,6.127609881105294
5.38,1,2.1326852298040118,0.0,5.032583576788821
5.39,1,2.2835884477580004,0.0,5.16914536434109
5.4,1,2.1206804089475106,0.0,4.99216198427336
5.41,1,2.1987849669973705,0.0,5.056444999289671
5.42,1,3.010579585427278,0.0,5.854660169049218
5.43,1,2.5826084136347602,0.0,5.41334049808875
5.44,1,3.556860998501077,0.0,6.374464920709096
5.45,1,2.384302467827796,0.0,5.188988458969625
5.46,1,3.033454526207227,0.0,5.825423194332577
5.47,1,1.8156824206502855,0.0,4.595125210222905
5.48,1,2.4225175453857286,0.0,5.189617174862067
5.49,1,2.117174375345633,0.0,4.872105253838034
5.5,1,2.57951382610091,0.0,5.3224424501250205
5.51,1,3.077230000871404,0.0,5.8083153321298235
5.52,1,2.786629303814774,0.0,5.506023128923323
5.53,1,3.386574958990586,0.0,6.0944222320104355
5.54,1,2.1926089347387805,0.0,4.889048103336171
5.55,1,2.839487503593329,0.0,5.524650819609539
5.56,1,1.672306092225226,0.0,4.346319907402026
5.57,1,2.6227306801111716,0.0,5.285715727681221
5.58,1,2.1897884270615187,0.0,4.841860089879359
5.59,1,2.9968148502174548,0.0,5.638083416074505
5.6,1,3.0827575390768107,0.0,5.713328443812971
5.61,1,2.9150187867955704,0.0,5.53499284579064
5.62,1,3.069670297865238,0.0,5.679143926465678
5.63,1,2.029903193957195,0.0,4.6289686173671045
5.64,1,2.6632489384482128,0.0,5.251994391588113
5.65,1,1.646436381726474,0.0,4.224946299539404
5.66,1,2.822612700112027,0.0,5.390967898773547
5.67,1,2.3222609055286663,0.0,4.880538754995687
5.68,1,3.3232928040997827,0.0,5.871567392412052
5.69,1,2.947863799381402,0.0,5.486206089109942
5.7,1,2.8835794093822313,0.0,5.412057386600111
5.71,1,2.730525490539036,0.0,5.249204306671865
5.72,1,1.9494387880973623,0.0,4.458380894993912
5.73,1,2.540925871066773,0.0,5.040191149613643
5.74,1,1.805042216410019,0.0,4.294688098999219
5.75,1,3.082721833548895,0.0,5.562803420691805
5.76,1,2.443420562865223,0.0,4.913990734233093
5.77,1,3.496122022334518,0.0,5.957231542491647
5.78,1,2.6730355261564083,0.0,5.124733145239799
5.79,1,2.794239757036391,0.0,5.2365723066234615
5.8,1,2.2850789212589135,0.0,4.7180914056531735
5.81,1,1.9576782369843897,0.0,4.38141392013821
5.82,1,2.4878877906866075,0.0,4.902388278969527
5.83,1,2.107163543710039,0.0,4.51246886472128
5.84,1,3.3708895784394537,0.0,5.767038256053635
5.85,1,2.624138152250193,0.0,5.011167278076403
5.86,1,3.6121238648388836,0.0,5.990069166264413
5.87,1,2.4814587642962733,0.0,4.850354669278423
5.88,1,2.7836410548391344,0.0,5.143520753600364
5.89,1,2.0882149918704527,0.0,4.439110495645023
5.9,1,2.1987340540233395,0.0,4.54067625099629
5.91,1,2.6152309431375005,0.0,4.948249651710281
5.92,1,2.5398344228286533,0.0,4.863958442339043
5.93,1,3.54440047112049,0.0,5.859657630138611
5.94,1,2.748593149485873,0.0,5.055010351802112
5.95,1,3.5508006554212592,0.0,5.84840392383639
5.96,1,2.2136804281833107,0.0,4.5024949462059505
5.97,1,2.7582309328381776,0.0,5.038281084389498
5.98,1,1.9762875847281502,0.0,4.24759699194922
5.99,1,2.598550878406816,0.0,4.8611424376591765
6.0,1,2.7523730558172015,0.0,5.006268971963001
6.01,1,2.9439051265461043,0.0,5.189126945590214
6.02,1,3.549867668233745,0.0,5.786436308405885
6.03,1,2.722383484853193,0.0,4.9503192662048825
6.04,1,3.271763710615187,0.0,5.491086383202347
6.05,1,1.958221805839925,0.0,4.168950576558815
6.06,1,2.7830822409587213,0.0,4.985235799099521
6.07,1,1.9958172196311146,0.0,4.1894137612105355
6.08,1,2.9820430916159117,0.0,5.167100342547091
6.09,1,2.896641548358239,0.0,5.07317678651357
6.1,1,3.2820107057721315,0.0,5.45004078199193
6.11,1,3.4168120606250696,0.0,5.576353418722468
6.12,1,2.699478760991816,0.0,4.850547456801806
6.13,1,3.0201961727752913,0.0,5.162807892293681
6.14,1,1.870496574404914,0.0,4.004666651060684
6.15,1,2.8148511876979514,0.0,4.940594618800391
6.16,1,2.1031904423228203,0.0,4.22052190472297
6.17,1,3.3635976577685534,0.0,5.472531522772343
6.18,1,2.981067246361721,0.0,5.081617593930831
6.19,1,3.4979592112681868,0.0,5.590139843542397
6.2,1,3.1427023390404782,0.0,5.226526793214168
6.21,1,2.6479419123912233,0.0,4.7234234729747335
6.22,1,2.7489335269459607,0.0,4.816085237441311
6.23,1,1.975281595960857,0.0,4.034116269979798
6.24,1,3.039437635917989,0.0,5.089967867768969
6.25,1,2.4426426977544273,0.0,4.484880872524007
6.26,1,3.7631568157127884,0.0,5.797115118865498
6.27,1,3.0551356639186933,0.0,5.080826090438483
6.28,1,3.609221180178043,0.0,5.626655543273173
6.29,1,2.8156422104728365,0.0,4.8248321498650855
6.3,1,2.613328324141642,0.0,4.614285313959712
6.31,1,2.5508385683230075,0.0,4.543573924619029
6.32,1,2.1630446097352176,0.0,4.147569497642377
6.33,1,3.1661419993756237,0.0,5.142467439924084
6.34,1,2.6547108430247834,0.0,4.622847719632193
6.35,1,3.8603391689342508,0.0,5.82029823358643
6.36,1,2.8261520516808396,0.0,4.77794393081743
6.37,1,3.4311847857128805,0.0,5.374819985832101
6.38,1,2.345346559830736,0.0,4.280835472826576
6.39,1,2.531455001487152,0.0,4.458807909731932
6.4,1,2.3432878984397805,0.0,4.262514979624121
6.41,1,2.448808197182187,0.0,4.359919528924027
6.42,1,3.264955000162891,0.0,5.16796056439664
6.43,1,2.8807750771055414,0.0,4.775684764261842
6.44,1,3.836496398538767,0.0,5.723320011524796
6.45,1,2.677699373873416,0.0,4.556446631863426
6.46,1,3.272788916587327,0.0,5.143469458632338
6.47,1,2.0862902664957033,0.0,3.9489136549610633
6.48,1,2.6676037366699052,0.0,4.5221794605089745
6.49,1,2.354705171976088,0.0,4.201242649847808
6.5,1,2.861548218346845,0.0,4.700056801584704
6.51,1,3.3379977942162307,0.0,5.16848676965571
6.52,1,3.075318590375853,0.0,4.897797183047112
6.53,1,3.6417982380847866,0.0,5.4562756137770565
6.54,1,2.4577539326991955,0.0,4.264239200403015
6.55,1,3.1067784562630982,0.0,4.905280670496109
6.56,1,1.948508315368206,0.0,3.7390364783903265
6.57,1,2.864593277641356,0.0,4.647156341564325
6.58,1,2.452383013433131,0.0,4.226989882229732
6.59,1,3.295627228965269,0.0,5.062286760382779
6.6,1,3.390958007324305,0.0,5.149679014707026
6.61,1,3.2452709493698126,0.0,4.996062203394773
6.62,1,3.440629278760245,0.0,5.183499509090365
6.63,1,2.396207419989954,0.0,4.131165316848604
6.64,1,3.0222670717591367,0.0,4.749321287429788
6.65,1,2.017781003558968,0.0,3.736940153813578
6.66,1,3.2400041049416304,0.0,4.951276770401161
6.67,1,2.732351852071478,0.0,4.435746579501738
6.68,1,3.761711690496659,0.0,5.45723699404262
6.69,1,3.3997543166407267,0.0,5.087418679002227
6.7,1,3.336108755358116,0.0,5.015920628909775
6.71,1,3.1595718954732366,0.0,4.831539703331187
6.72,1,2.392081941228882,0.0,4.056214078266952
6.73,1,2.9838106832426448,0.0,4.640115517060314
6.74,1,2.2633663814668252,0.0,3.9118522533113356
6.75,1,3.5974701885605995,0.0,5.23814541420538
6.76,1,2.975086511478189,0.0,4.607959382059638
6.77,1,3.995850323246831,0.0,5.620929106061541
6.78,1,3.1608298603386284,0.0,4.7781227996028885
6.79,1,3.286745522273352,0.0,4.896260839846682
6.8,1,2.799757979790935,0.0,4.4015038758654645
6.81,1,2.4759612784330907,0.0,4.06994593219039
6.82,1,2.989776445516301,0.0,4.576008015753162
6.83,1,2.5937826617157858,0.0,4.172269287440505
6.84,1,3.8588932663601123,0.0,5.429643067360622
6.85,1,3.1136942558366467,0.0,4.676715333221937
6.86,1,4.063320555940836,0.0,5.618620992656825
6.87,1,2.91731995856354,0.0,4.464907819884691
6.88,1,3.246367562301322,0.0,4.786250896299152
6.89,1,2.530999005660134,0.0,4.0631858436497055
6.9,1,2.6778964237400698,0.0,4.202394780705509
6.91,1,3.0675895998211864,0.0,4.584407474821296
6.92,1,2.99382250939752,0.0,4.5029678859523194
6.93,1,4.003909357370753,0.0,5.505390203829962
6.94,1,3.1474703621811737,0.0,4.641294632075473
6.95,1,3.9288685827208187,0.0,5.415044215096669
6.96,1,2.6050863397410784,0.0,4.083621259479968
6.97,1,3.204706906904554,0.0,4.675609025027273
6.98,1,2.404590842447655,0.0,3.8678680564045353
6.99,1,2.9989185080215277,0.0,4.454578701969088
7.0,1,3.16478463167665,0.0,4.612835676741409
7.01,1,3.38315047917076,0.0,4.82360023370091
7.02,1,3.986115985512466,0.0,5.418972295317756
7.03,1,3.131110049929819,0.0,4.556380748510448
7.04,1,3.7003910443524144,0.0,5.118083953117334
7.05,1,2.360686190880775,0.0,3.7708091193559348
7.06,1,3.1711516760624217,0.0,4.573712422089422
7.07,1,2.362702774007137,0.0,3.7577091239328175
7.08,1,3.348647815605366,0.0,4.736107544462627
7.09,1,3.231360950650587,0.0,4.611281822330986
7.1,1,3.618094520253954,0.0,4.990484287672494
7.11,1,3.7234151731931924,0.0,5.088281578445443
7.12,1,2.97993978678369,0.0,4.33729056129594
7.13,1,3.3443444528391812,0.0,4.694187317511721
7.14,1,2.1995955984617463,0.0,3.5419382638056462
7.15,1,3.1389514298101355,0.0,4.473801596077916
7.16,1,2.409168258710419,0.0,3.736533616020799
7.17,1,3.6549870771519797,0.0,4.97487530560908
7.18,1,3.2790811782453426,0.0,4.591499948052533
7.19,1,3.7598914092984876,0.0,5.064848380867177
7.2,1,3.428149012438276,0.0,4.725651836491856
7.21,1,2.9370953917864644,0.0,4.2271517094597035
7.22,1,3.0694160469427105,0.0,4.3520334898767015
7.23,1,2.2573655099915304,0.0,3.53255170042453
7.24,1,3.2842477299648407,0.0,4.5520102808191005
7.25,1,2.6482667081956617,0.0,3.9086132231604918
7.26,1,3.981288260680925,0.0,5.234226334292155
7.27,1,3.257535413641218,0.0,4.503072631357238
7.28,1,3.827022540668323,0.0,5.065166478942823
7.29,1,3.05157293909241,0.0,4.28233116544409
7.3,1,2.8648081235437766,0.0,4.088188196622976
7.31,1,2.8384376871111177,0.0,4.054447156763757
7.32,1,2.4362164211037194,0.0,3.644862828432429
7.33,1,3.431250541358132,0.0,4.632541418780922
7.34,1,2.925518858334787,0.0,4.119461729641247
7.35,1,4.146691045735254,0.0,5.333293426140394
7.36,1,3.1446495368733265,0.0,4.323918933069276
7.37,1,3.7897359909814354,0.0,4.961679901186995
7.38,1,2.7155652698156643,0.0,3.8801911838238645
7.39,1,2.8933052725544317,0.0,4.050620671778173
7.4,1,2.723146313635962,0.0,3.8731586711518715
7.41,1,2.8192787849096868,0.0,3.9619955655001866
7.42,1,3.6265276773040633,0.0,4.761956337497863
7.43,1,3.234282993323917,0.0,4.362430981434847
7.44,1,4.168555041095362,0.0,5.289429797259793
7.45,1,3.000977907976085,0.0,4.114586864188895
7.46,1,3.64480032495885,0.0,4.751150905108011
7.47,1,2.45959253330428,0.0,3.5586921532041504
7.48,1,3.0485686453430656,0.0,4.140424712766535
7.49,1,2.804675134798894,0.0,3.8892950495082337
7.5,1,3.2960114877477125,0.0,4.373402641524393
7.51,1,3.778908372472602,0.0,4.849078149146033
7.52,1,3.4925977045643233,0.0,4.555553480039513
7.53,1,4.068321586362735,0.0,5.124070728647116
7.54,1,2.8616800119413504,0.0,3.91022988117057
7.55,1,3.499626549717071,0.0,4.540984498179941
7.56,1,2.290994372211816,0.0,3.325167744374446
7.57,1,3.2638468697902767,0.0,4.2908430023194075
7.58,1,2.8048319538534154,0.0,3.8246581756389557
7.59,1,3.6101272590765934,0.0,4.622790891253514
7.6,1,3.7291700520358257,0.0,4.734678408005255
7.61,1,3.5534071259227527,0.0,4.551767511372562
7.62,1,3.7211806327896433,0.0,4.712400345714263
7.63,1,2.6756645507205135,0.0,3.6597508814402433
7.64,1,3.297379229175144,0.0,4.274339460354864
7.65,1,2.304986761893013,0.0,3.2748281685603935
7.66,1,3.5231405931995696,0.0,4.485870442762709
7.67,1,3.018178381584192,0.0,3.973803933848782
7.68,1,4.0435763626521055,0.0,4.992104869838186
7.69,1,3.674686079440851,0.0,4.616124786199022
7.7,1,3.7069695147960626,0.0,4.641325658223363
7.71,1,3.5188178088680004,0.0,4.44609861852333
7.72,1,2.7745017554578317,0.0,3.694714453377002
7.73,1,3.3353754394837196,0.0,4.248527240194139
7.74,1,2.6149441677944223,0.0,3.5210422783294426
7.75,1,3.9248655802529235,0.0,4.8239172001658135
7.76,1,3.2929739157324405,0.0,4.184986237110091
7.77,1,4.318257895693154,0.0,5.203238103169435
7.78,1,3.489868260492565,0.0,4.367823531261444
7.79,1,3.6431842268435006,0.0,4.514121730671841
7.8,1,3.1569059520613476,0.0,4.020832851301458
7.81,1,2.806620388125067,0.0,3.6635438377270177
7.82,1,3.327591533332073,0.0,4.177518680855733
7.83,1,2.943318963164075,0.0,3.786256948790975
7.84,1,4.200370145910541,0.0,5.036326102455461
7.85,1,3.448474508888652,0.0,4.277455561811062
7.86,1,4.35322966551334,0.0,5.1752429329286
7.87,1,3.2011056033353205,0.0,4.01615819602568
7.88,1,3.506794309790297,0.0,4.314893331215786
7.89,1,2.780650092099874,0.0,3.5818026384089237
7.9,1,2.991927766141037,0.0,3.786140926181027
7.91,1,3.362162404904969,0.0,4.1494432602325695
7.92,1,3.252477265019915,0.0,4.032832889911275
7.93,1,4.2509994042985495,0.0,5.02443686575935
7.94,1,3.404791875096004,0.0,4.1713182328714336
7.95,1,4.167842890158751,0.0,4.927465196743231
7.96,1,2.847947401005537,0.0,3.600672701652437
7.97,1,3.4154272996926784,0.0,4.161262632423858
7.98,1,2.623729300430904,0.0,3.362681696046124
7.99,1,3.19588891559711,0.0,3.9279653976834195
8.0,1,3.4167808723399298,0.0,4.141988457280839
8.01,1,3.619975899399343,0.0,4.338321596383973
8.02,1,4.269461682262075,0.0,4.980952493294185
8.03,1,3.4432116858693633,0.0,4.1478546057763035
8.04,1,3.9892291330901823,0.0,4.6870311495317525
8.05,1,2.6333871295177116,0.0,3.3243552229949214
8.06,1,3.415785123537191,0.0,4.099926267400961
8.07,1,2.5655429821301348,0.0,3.2428641425899447
8.08,1,3.576921877756301,0.0,4.247430013888701
8.09,1,3.49001077704779,0.0,4.15371284080488
8.1,1,3.8781169293977835,0.0,4.535019865615673
8.11,1,4.01431375484489,0.0,4.664424501251999
8.12,1,3.3153343698876614,0.0,3.9586598571130316
8.13,1,3.615382147339892,0.0,4.251929298921412
8.14,1,2.4774417676723663,0.0,3.1072175000649356
8.15,1,3.4378587671566905,0.0,4.06086998974039
8.16,1,2.6884791734275275,0.0,3.304732788515628
8.17,1,3.932347442720086,0.0,4.5418503455671155
8.18,1,3.510708926478165,0.0,4.113468005287856
8.19,1,4.036905126809355,0.0,4.632927262742614
8.2,1,3.6701291041763873,0.0,4.259421171359137
8.21,1,3.161387375951163,0.0,3.743956241482203
8.22,1,3.270116004470129,0.0,3.8459685284289593
8.23,1,2.462669845544207,0.0,3.031812880998777
8.24,1,3.4758345760886016,0.0,4.038274969103032
8.25,1,2.842224424084903,0.0,3.397969013727213
8.26,1,4.189620524287011,0.0,4.738676142636761
8.27,1,3.482375841949786,0.0,4.0247493141056765
8.28,1,4.0805688484232725,0.0,4.616266992510803
8.29,1,3.3084996250744525,0.0,3.8375292522534523
8.3,1,3.135148803045486,0.0,3.657516717517626
8.31,1,3.116013713597672,0.0,3.631726712614003
8.32,1,2.763563130054981,0.0,3.2726280039234408
8.33,1,3.7592676086690022,0.0,4.2616911407618225
8.34,1,3.262756090578441,0.0,3.758545057339591
8.35,1,4.50275879867589,0.0,4.99191996962851
8.36,1,3.5006901583313494,0.0,3.983230296085079
8.37,1,4.099553474576668,0.0,4.575479334835058
8.38,1,3.0567261433840107,0.0,3.5260444749518407
8.39,1,3.2480613977788115,0.0,3.710778942569381
8.4,1,3.07633699278792,0.0,3.532460485830399
8.41,1,3.134074630021316,0.0,3.583610799467936
8.42,1,3.943594989223292,0.0,4.386550556356712
8.43,1,3.5645436923788734,0.0,4.000925371619304
8.44,1,4.506491604943237,0.0,4.936306103855727
8.45,1,3.341419877094424,0.0,3.7646738963960535
8.46,1,3.964171911595307,0.0,4.380872145162357
8.47,1,2.7792344719136537,0.0,3.1893876067887637
8.48,1,3.3409902855623645,0.0,3.7446030019617043
8.49,1,3.07123614536086,0.0,3.4683151166812802
8.5,1,3.576771693454931,0.0,3.9673235862810112
8.51,1,4.076209644903609,0.0,4.4602411190148485
8.52,1,3.7891269649151322,0.0,4.166644673292982
8.53,1,4.355202356454638,0.0,4.726212945289598
8.54,1,3.1522411488249498,0.0,3.5167512575236395
8.55,1,3.7614974768436276,0.0,4.119513738035797
8.56,1,2.6004952795745018,0.0,2.952024319120112
8.57,1,3.5425267083737024,0.0,3.8875751453699126
8.58,1,3.1697123786462846,0.0,3.5082868254344945
8.59,1,3.990059200695133,0.0,4.322166262867933
8.6,1,4.074046272381464,0.0,4.399692548789664
8.61,1,3.8817072742845986,0.0,4.200899357044179
8.62,1,4.089477649117384,0.0,4.402222123616454
8.63,1,3.0467989757668956,0.0,3.353102420672686
8.64,1,3.6580501290629988,0.0,3.9579191163287186
8.65,1,2.6672288550751384,0.0,2.960669949946978
8.66,1,3.921649745710463,0.0,4.208669506734492
8.67,1,3.404078946209382,0.0,3.6846839252384123
8.68,1,4.390549857363007,0.0,4.664746599563557
8.69,1,4.002936455605162,0.0,4.270731499464292
8.7,1,3.99356301402277,0.0,4.25496289135497
8.71,1,3.7944759221123423,0.0,4.049487158066423
8.72,1,3.027668848055242,0.0,3.2762979611211516
8.73,1,3.619730918274688,0.0,3.861984420290388
8.74,1,2.9031663097665685,0.0,3.1390507059248485
8.75,1,4.182468808664425,0.0,4.4119905975197655
8.76,1,3.519922994277972,0.0,3.743088667753302
8.77,1,4.551976054601171,0.0,4.768792097994751
8.78,1,3.747656724476937,0.0,3.9581296164691073
8.79,1,3.8677661122895697,0.0,4.071902324949549
8.8,1,3.3426341385905034,0.0,3.5404401373832033
8.81,1,2.9615492076744765,0.0,3.1530314514672266
8.82,1,3.4867447335571353,0.0,3.6719096746264848
8.83,1,3.1374845403233005,0.0,3.3163386243617707
8.84,1,4.385261475568179,0.0,4.55781114169099
8.85,1,3.619061913038907,0.0,3.7853135937907476
8.86,1,4.571861097675014,0.0,4.731821219036744
8.87,1,3.422390414103737,0.0,3.576065395499127
8.88,1,3.762034251454744,0.0,3.9094305057572045
8.89,1,3.0719657413994232,0.0,3.213089674938673
8.9,1,3.2077068672243967,0.0,3.3425648797932066
8.91,1,3.6078968282655124,0.0,3.7364953131263623
8.92,1,3.52223057460146,0.0,3.6445759184932305
8.93,1,4.509867563491366,0.0,4.625966146636046
8.94,1,3.6849911408326346,0.0,3.7948493369419345
8.95,1,4.49458390977666,0.0,4.59820808605872
8.96,1,3.1823852003136985,0.0,3.279781717479718
8.97,1,3.7263490588636534,0.0,3.8175242711345234
8.98,1,2.8909409421942835,0.0,2.9759011973072633
8.99,1,3.5313727961966133,0.0,3.6101244354119233
9.0,1,3.693547853950549,0.0,3.766097212057999
9.01,1,3.8778148689552947,0.0,3.9441682742809347
9.02,1,4.478583397966425,0.0,4.538747172379105
9.03,1,3.681626246659138,0.0,3.735606705577148
9.04,1,4.25857644873905,0.0,4.306379901136681
9.05,1,2.939549848187274,0.0,2.981182596601414
9.06,1,3.698789644802161,0.0,3.7342579853388913
9.07,1,2.9035340518824615,0.0,2.9328442742236116
9.08,1,3.8841803631849166,0.0,3.907338750594607
9.09,1,3.800600394824873,0.0,3.817613224156133
9.1,1,4.21990482898022,0.0,4.23077837068147
9.11,1,4.3635334232368495,0.0,4.3682739413584795
9.12,1,3.6259717578618527,0.0,3.6245855100627824
9.13,1,3.9676968627519225,0.0,3.960190100306062
9.14,1,2.83315310480568,0.0,2.81953207260851
9.15,1,3.767769421242805,0.0,3.748040357817876
9.16,1,3.025403656681556,0.0,2.999572794186986
9.17,1,4.2897295105002655,0.0,4.257803074735225
9.18,1,3.9127431917012165,0.0,3.8747274021124865
9.19,1,4.42483103978667,0.0,4.38073210947506
9.2,1,4.090930061978322,0.0,4.040754197705183
9.21,1,3.608882174621109,0.0,3.5526355768147995
9.22,1,3.684920214353969,0.0,3.6226090771163193
9.23,1,2.854405776841701,0.0,2.786036287954481
9.24,1,3.888861514804453,0.0,3.814439855735833
9.25,1,3.231949049558947,0.0,3.151481395469897
9.26,1,4.527088667296357,0.0,4.440581187047157
9.27,1,3.7862354202079507,0.0,3.693694276364561
9.28,1,4.377521610884393,0.0,4.2789529597249025
9.29,1,3.5975379270342245,0.0,3.4929479185552945
9.3,1,3.3874174441774674,0.0,3.276812222100707
9.31,1,3.3481306766954524,0.0,3.2315163784738523
9.32,1,3.021275062789542,0.0,2.898657819613832
9.33,1,4.045378818957246,0.0,3.9167647557623364
9.34,1,3.5287122558350648,0.0,3.3941074913064044
9.35,1,4.756059692033755,0.0,4.615470338613715
9.36,1,3.7811645070470044,0.0,3.6345966709412645
9.37,1,4.400428222238817,0.0,4.247888003422697
9.38,1,3.312019942397145,0.0,3.1535134346220053
9.39,1,3.5410146943434713,0.0,3.3765479851430413
9.4,1,3.35334258420286,0.0,3.18292175489958
9.41,1,3.4393403538355254,0.0,3.2629714795468954
9.42,1,4.2620140167995375,0.0,4.079703166444458
9.43,1,3.87074344211598,0.0,3.6824966784210598
9.44,1,4.803136226630703,0.0,4.608959606136593
9.45,1,3.6362302661175505,0.0,3.4361298391852504
9.46,1,4.26457853877548,0.0,4.0585603495926605
9.47,1,3.0453247724410293,0.0,2.833394859028289
9.48,1,3.6302798568447434,0.0,3.4124442510619635
9.49,1,3.3481010832964424,0.0,3.1243658108490218
9.5,1,3.83526031701472,0.0,3.6056313974598804
9.51,1,4.315204033625444,0.0,4.079687480378514
9.52,1,4.0192431772565405,0.0,3.7778449975972013
9.53,1,4.613525451763623,0.0,4.366251646842173
9.54,1,3.3878142634132926,0.0,3.1346708282569127
9.55,1,3.9905676757925406,0.0,3.731560599311531
9.56,1,2.7993720128381465,0.0,2.534507277832186
9.57,1,3.776544990159009,0.0,3.5058285733233787
9.58,1,3.386589541266415,0.0,3.110027413198235
9.59,1,4.2187348141267025,0.0,3.936332939331123
9.6,1,4.325367469690935,0.0,4.0371318065874044
9.61,1,4.125151839835133,0.0,3.8310883407635723
9.62,1,4.298432482838569,0.0,3.998547094065589
9.63,1,3.2525144668281123,0.0,2.946813128553192
9.64,1,3.8583697522113583,0.0,3.546858398573078
9.65,1,2.908586618989761,0.0,2.591271178071951
9.66,1,4.1052293132492865,0.0,3.7821157070872067
9.67,1,3.541152771019378,0.0,3.212246915605898
9.68,1,4.529132211059549,0.0,4.194440016351329
9.69,1,4.20559090351911,0.0,3.86511827344272
9.7,1,4.193672916304167,0.0,3.8474257487622867
9.71,1,3.9812726530520246,0.0,3.629256839929555
9.72,1,3.256131826182891,0.0,2.898353253353111
9.73,1,3.8505226759754625,0.0,3.486987223306172
9.74,1,3.138362309617394,0.0,2.769075850977014
9.75,1,4.45874734774462,0.0,4.08371575100834
9.76,1,3.850101603372473,0.0,3.4693307304283425
9.77,1,4.880098825636265,0.0,4.493594532391345
9.78,1,4.0495323461275206,0.0,3.657300482513931
9.79,1,4.171862327269139,0.0,3.7739087372501885
9.8,1,3.644128065926425,0.0,3.240458587502695
9.81,1,3.2957531683450125,0.0,2.8863736335604524
9.82,1,3.827053538131087,0.0,3.411969773079077
9.83,1,3.413886295606319,0.0,2.9931041204357394
9.84,1,4.619227953564499,0.0,4.192753182485808
9.85,1,3.9438625056987227,0.0,3.5117009469900125
9.86,1,4.882253631369279,0.0,4.444411087382319
9.87,1,3.719593033840397,0.0,3.276075301006687
9.88,1,4.017094784317539,0.0,3.5679076531543688
9.89,1,3.331556622668503,0.0,2.876705877784943
9.9,1,3.4165293337852187,0.0,2.9560207538881986
9.91,1,3.827174924627265,0.0,3.361014282527565
9.92,1,3.753153733869895,0.0,3.2813467964881546
9.93,1,4.778027715881994,0.0,4.300580244254765
9.94,1,3.9642554386702753,0.0,3.4811731879559753
9.95,1,4.759288860711357,0.0,4.270577580196297
9.96,1,3.4338851371756762,0.0,2.9395505702800464
9.97,1,3.9966283769950373,0.0,3.496676261278877
9.98,1,3.176749971739903,0.0,2.671186038909103
9.99,1,3.7816369954567395,0.0,3.270466971369009
10.0,10,3.940939778561849,2.5,3.424169383232689
10.01,10,4.318785600022197,2.5,3.6686587142974867
10.02,10,5.081023482726941,2.5,4.301881040455972
10.03,10,4.420178248745472,2.5,3.5161557650737123
10.04,10,5.128218513195213,2.5,4.103255901309863
10.05,10,3.9609219566966365,2.5,2.818772875341077
10.06,10,4.906418937258882,2.5,3.6506596914450613
10.07,10,4.238038420219709,2.5,2.8720764364951488
10.08,10,5.381059234589171,2.5,3.9081411311946512
10.09,10,5.426532597555147,2.5,3.849751868836946
10.1,10,5.94452984635879,2.5,4.26683417987386
10.11,10,6.2119483749423825,2.5,4.436146618813403
10.12,10,5.588549798330267,2.5,3.7173185955684467
10.13,10,6.04164075436266,2.5,4.07753086007698
10.14,10,5.0153360539466245,2.5,2.9607783505972147
10.15,10,6.138667257606999,2.5,3.9959784827360183
10.16,10,5.513532046385465,2.5,3.2849202465687948
10.17,10,6.86973577685247,2.5,4.557305500958729
10.18,10,6.567070117673529,2.5,4.172827361891159
10.19,10,7.173844149387956,2.5,4.699701065885946
10.2,10,6.91452449682637,2.5,4.362303877346441
10.21,10,6.502342233191748,2.5,3.8737817783303883
10.22,10,6.697736742852579,2.5,3.994493127276609
10.23,10,5.950331107135915,2.5,3.1739838504858935
10.24,10,7.0351125656607945,2.5,4.1871677184302145
10.25,10,6.519483274893432,2.5,3.6013769281277215
10.26,10,7.922509891056965,2.5,4.935611518293566
10.27,10,7.278974844632159,2.5,4.224590484100489
10.28,10,7.987350160244986,2.5,4.866725444961666
10.29,10,7.320780592981767,2.5,4.135103636011677
10.3,10,7.194919571445385,2.5,3.9453237132514247
10.31,10,7.246151695416392,2.5,3.9337181198900923
10.32,10,6.951325255535164,2.5,3.5770854809850636
10.33,10,8.039526753451026,2.5,4.604465004525728
10.34,10,7.5998617212765085,2.5,4.104917187513698
10.35,10,8.872489459737771,2.5,5.31855844615827
10.36,10,7.951871322528285,2.5,4.339809297435504
10.37,10,8.656341917475565,2.5,4.9869654623736555
10.38,10,7.696601344243611,2.5,3.9706900105530805
10.39,10,7.945500887954878,2.5,4.163798964980688
10.4,10,7.84481858972489,2.5,4.008036788119028
10.41,10,7.984370480951125,2.5,4.093187535709005
10.42,10,8.840225061599563,2.5,4.895289258436442
10.43,10,8.517877749597677,2.5,4.5198083783675465
10.44,10,9.516506684736827,2.5,5.465895423380958
10.45,10,8.414422634377633,2.5,4.311834866723493
10.46,10,9.128661180781227,2.5,4.974637251353667
10.47,10,7.989740014811794,2.5,3.7847964236672937
10.48,10,8.642339127155786,2.5,4.386969667606485
10.49,10,8.415416224006547,2.5,4.110093065964017
10.5,10,8.974383825773746,2.5,4.619558547311817
10.51,10,9.52566995501147,2.5,5.12177452462314
10.52,10,9.324938081311899,2.5,4.872385793217159
10.53,10,9.957212124349358,2.5,5.456398489098049
10.54,10,8.80880535114161,2.5,4.2601089436482
10.55,10,9.484545450288874,2.5,4.888328717333783
10.56,10,8.376565787919661,2.5,3.7331758170547515
10.57,10,9.414051042664637,2.5,4.723820294367584
10.58,10,9.09538417835596,2.5,4.358631183190249
10.59,10,9.938499067576252,2.5,5.155529090029472
10.6,10,10.051474270655175,2.5,5.222579941248426
10.61,10,9.929436855079349,2.5,5.054898772264229
10.62,10,10.147481001130805,2.5,5.227568304418294
10.63,10,9.133299032856492,2.5,4.168269948552701
10.64,10,9.789571328806188,2.5,4.779673689664337
10.65,10,8.858984210049737,2.5,3.8044559500852655
10.66,10,10.09716003861345,2.5,4.998229664269321
10.67,10,9.62071654293394,2.5,4.477603581726537
10.68,10,10.662174456534705,2.5,5.475089884256986
10.69,10,10.31389704909991,2.5,5.08304369660642
10.7,10,10.327197777116526,2.5,5.052770717666535
10.71,10,10.188289162082137,2.5,4.870476080169947
10.72,10,9.453128161315206,2.5,4.092109703872734
10.73,10,10.056468506480298,2.5,4.6524186172946065
10.74,10,9.390812346951543,2.5,3.9438985850990615
10.75,10,10.779224645870274,2.5,5.289608488932683
10.76,10,10.191579938261867,2.5,4.659417071049934
10.77,10,11.299835866627273,2.5,5.725276456106134
10.78,10,10.535879837200973,2.5,4.919068794276401
10.79,10,10.725858587509466,2.5,5.066935816302667
10.8,10,10.284715211084643,2.5,4.583815846294014
10.81,10,9.957809896092964,2.5,4.215064529011952
10.82,10,10.561988595322369,2.5,4.777523489056408
10.83,10,10.218881749140753,2.5,4.392819043538063
10.84,10,11.534869726521386,2.5,5.667327633311207
10.85,10,10.846299740135375,2.5,4.937392728739945
10.86,10,11.855890383617103,2.5,5.905729358084453
10.87,10,10.739343269758486,2.5,4.748035737239745
10.88,10,11.143629772108424,2.5,5.1112800032839125
10.89,10,10.478818935037246,2.5,4.405528116876695
10.9,10,10.661787310658328,2.5,4.547653691880669
10.91,10,11.100424046431918,2.5,4.9455430760148875
10.92,10,11.034742510955809,2.5,4.839206970026219
10.93,10,12.108474513468824,2.5,5.8723746408908655
10.94,10,11.345852271766406,2.5,5.069275883728986
10.95,10,12.20732905758417,2.5,5.8903616614738
10.96,10,10.923592119022908,2.5,4.566317021855718
10.97,10,11.545752639466453,2.5,5.148251051138952
10.98,10,10.807002347175306,2.5,4.369353478782124
10.99,10,11.443976939452082,2.5,4.966258096905811
11.0,10,11.660853819430356,2.5,5.1431404926087865
11.01,10,11.883692830590538,2.5,5.326058778224189
11.02,10,12.54123619148341,2.5,5.9437535219880795
11.03,10,11.815020543572336,2.5,5.177759792019207
11.04,10,12.416051868369243,2.5,5.73908206977826
11.05,10,11.118623944353134,2.5,4.4020127034848535
11.06,10,11.977353772369062,2.5,5.221167330182461
11.07,10,11.192269867547655,2.5,4.3965731644832164
11.08,10,12.264066457667715,2.5,5.428923193907516
11.09,10,12.242581019662499,2.5,5.368053712511989
11.1,10,12.69888713478731,2.5,5.78503717331611
11.11,10,12.845260027464994,2.5,5.892147724538022
11.12,10,12.183352535862502,2.5,5.1910371776855815
11.13,10,12.55015293961397,2.5,5.5186928329138
11.14,10,11.46379082548298,2.5,4.393243342433079
11.15,10,12.503635548671824,2.5,5.394057169673664
11.16,10,11.811201838839533,2.5,4.662648193260234
11.17,10,13.119423383338058,2.5,5.931949288303018
11.18,10,12.731456514953216,2.5,5.505116012286324
11.19,10,13.279950874122614,2.5,6.014797265522562
11.2,10,12.997795164933203,2.5,5.693881045470783
11.21,10,12.507412878711458,2.5,5.164790168726767
11.22,10,12.688589811604665,2.5,5.307309787082623
11.23,10,11.927657262810136,2.5,4.5077705843050575
11.24,10,13.007710537399676,2.5,5.549267277579677
11.25,10,12.398749563565866,2.5,4.9017992334425555
11.26,10,13.79150132453071,2.5,6.256092898437001
11.27,10,13.075957804183284,2.5,5.502139743558963
11.28,10,13.745387763951866,2.5,6.133208039994305
11.29,10,13.03123124262956,2.5,5.380737357863939
11.3,10,12.844956086511683,2.5,5.156195095331492
11.31,10,12.85602656695844,2.5,5.129045095186426
11.32,10,12.542938563883716,2.5,4.777782827399725
11.33,10,13.587444842360304,2.5,5.784160664840453
11.34,10,13.12213955290821,2.5,5.280772382718282
11.35,10,14.354835286101673,2.5,6.475430212384603
11.36,10,13.407573297448353,2.5,5.490175065444933
11.37,10,14.065134816019052,2.5,6.1097878416579325
11.38,10,13.011642151954105,2.5,5.018390535746545
11.39,10,13.275270123010838,2.5,5.244157663282917
11.4,10,13.17428404952329,2.5,5.10535425501789
11.41,10,13.293006152213964,2.5,5.186302254091675
11.42,10,14.1591977541014,2.5,6.0147627173703215
11.43,10,13.787944666781568,2.5,5.605821201182308
11.44,10,14.806411199011993,2.5,6.586641769384102
11.45,10,13.709124152763776,2.5,5.451750988918996
11.46,10,14.386616646533831,2.5,6.09168175265886
11.47,10,13.224996156754292,2.5,4.892541320366144
11.48,10,13.875603833394933,2.5,5.505670633870035
11.49,10,13.624510304533782,2.5,5.2171401212315525
11.5,10,14.194838807112545,2.5,5.750072827112015
11.51,10,14.750606719457274,2.5,6.268485944926165
11.52,10,14.51143105330827,2.5,5.991996308521508
11.53,10,15.150009947921024,2.5,6.593301885945845
11.54,10,13.947445752715053,2.5,5.353504861778093
11.55,10,14.62210202358114,2.5,5.990968633133139
11.56,10,13.484611416081847,2.5,4.816325702574718
11.57,10,14.480632080299252,2.5,5.7752340726882005
11.58,10,14.112414712187975,2.5,5.369944297172984
11.59,10,15.017373091569404,2.5,6.237870018587695
11.6,10,15.124795362586307,2.5,6.308299248568236
11.61,10,14.985026449153258,2.5,6.131576783052788
11.62,10,15.20470830818938,2.5,6.314344455299398
11.63,10,14.16054628987983,2.5,5.23330749594347
11.64,10,14.828466789250292,2.5,5.864392184377522
11.65,10,13.901662068107822,2.5,4.900790670506491
11.66,10,15.178349722921634,2.5,6.140720442451994
11.67,10,14.724178875640348,2.5,5.6498305172017185
11.68,10,15.732634574380079,2.5,6.621605841137268
11.69,10,15.40937506366428,2.5,6.26170456012172
11.7,10,15.397159229809315,2.5,6.2128854647400855
11.71,10,15.258143562752629,2.5,6.037304951989239
11.72,10,14.49975650513555,2.5,5.242391374229091
11.73,10,15.159074629103182,2.5,5.865221215857251
11.74,10,14.48976547856244,2.5,5.159461935447868
11.75,10,15.834773728640958,2.5,6.468058125096908
11.76,10,15.248618092853846,2.5,5.845528417480426
11.77,10,16.323693037858487,2.5,6.884267200506689
11.78,10,15.542995478340062,2.5,6.06727131210385
11.79,10,15.66195638302285,2.5,6.149971646136949
11.8,10,15.18813732928383,2.5,5.639929706933672
11.81,10,14.889350613733678,2.5,5.3049577197798685
11.82,10,15.45808738072204,2.5,5.837546759344661
11.83,10,15.112536652530952,2.5,5.455885779796773
11.84,10,16.423141862046336,2.5,6.730418147402986
11.85,10,15.74473295593497,2.5,6.01597374363551
11.86,10,16.759323084411818,2.5,6.994565654873287
11.87,10,15.665300446351186,2.5,5.8645820174495045
11.88,10,16.045888038607703,2.5,6.209245766912735
11.89,10,15.355073988520546,2.5,5.482544970473976
11.9,10,15.533910386766864,2.5,5.6255316598054055
11.91,10,15.991920459522683,2.5,6.047729003149461
11.92,10,15.933709035694287,2.5,5.953741772500965
11.93,10,16.9833095522603,2.5,6.967603348901743
11.94,10,16.199746428976503,2.5,6.148338097100865
11.95,10,17.05571488588238,2.5,6.968641183018582
11.96,10,15.748911282330143,2.5,5.626208912734726
11.97,10,16.367242891026144,2.5,6.208948506491131
11.98,10,15.610286666821885,2.5,5.416436867446104
11.99,10,16.28477560341911,2.5,6.055406938344109
12.0,10,16.490181794965842,2.5,6.225330763078913
12.01,10,16.714329851138494,2.5,6.414032901743282
12.02,10,17.345018039077605,2.5,7.009311572534835
12.03,10,16.53881917849339,2.5,6.167739546832461
12.04,10,17.14566243348405,2.5,6.739245940987319
12.05,10,15.873503040851647,2.5,5.431785944612627
12.06,10,16.698108932431744,2.5,6.221127442888163
12.07,10,15.901432442175468,2.5,5.389222723618587
12.08,10,16.918412680792922,2.5,6.37101085185467
12.09,10,16.886993003006562,2.5,6.304435137124571
12.1,10,17.3061713267889,2.5,6.688493452651592
12.11,10,17.494740941150173,2.5,6.841979043121715
12.12,10,16.793910967979134,2.5,6.106100986506606
12.13,10,17.182167438989072,2.5,6.459345270991211
12.14,10,16.068666283593796,2.5,5.310867782833409
12.15,10,17.08463784804162,2.5,6.2918988254814785
12.16,10,16.366077461309665,2.5,5.538433685453572
12.17,10,17.622334233089326,2.5,6.7598214303084045
12.18,10,17.283744809766116,2.5,6.386398664611037
12.19,10,17.83784717932094,2.5,6.905703334821589
12.2,10,17.529248770270865,2.5,6.562342828222593
12.21,10,17.064707442389413,2.5,6.063074963627923
12.22,10,17.23976586118074,2.5,6.2034423658455475
12.23,10,16.472076686825552,2.5,5.4010976546122444
12.24,10,17.53723142646759,2.5,6.431632296869927
12.25,10,16.936785752872307,2.5,5.796601925414707
12.26,10,18.272207156272504,2.5,7.097473990732608
12.27,10,17.61722487730814,2.5,6.407977693931048
12.28,10,18.288942384033014,2.5,7.045216463736661
12.29,10,17.56083780345289,2.5,6.2826683880253045
12.3,10,17.41683352599372,2.5,6.104255818282758
12.31,10,17.421523097850404,2.5,6.074572261945891
12.32,10,17.04834711206844,2.5,5.667058273477673
12.33,10,18.070263456345675,2.5,6.654671702161832
12.34,10,17.593013178434877,2.5,6.143153557499306
12.35,10,18.850519455150366,2.5,7.366426978208988
12.36,10,17.90832612671385,2.5,6.390035766567393
12.37,10,18.563064637366082,2.5,7.010611329015141
12.38,10,17.513829640265445,2.5,5.927248281050266
12.39,10,17.72279011619435,2.5,6.102115565929521
12.4,10,17.608467974344276,2.5,5.953735055448807
12.41,10,17.741655193300076,2.5,6.052898690922844
12.42,10,18.618418527879548,2.5,6.8956731900205614
12.43,10,18.307832026111175,2.5,6.551132563738585
12.44,10,19.310049428674386,2.5,7.519430515837798
12.45,10,18.158686284902988,2.5,6.334182558842749
12.46,10,18.801637694469083,2.5,6.943283755722483
12.47,10,17.623652753921853,2.5,5.731483166425533
12.48,10,18.257918947608054,2.5,6.331968238797244
12.49,10,18.014323522782373,2.5,6.054626183687303
12.5,10,18.544832205571826,2.5,6.551422690911146
12.51,10,19.105408806325883,2.5,7.078321534596951
12.52,10,18.892568685805973,2.5,6.831838039373162
12.53,10,19.537077237126717,2.5,7.4427375623065375
12.54,10,18.384544434687776,2.5,6.256630041831857
12.55,10,19.05284189766035,2.5,6.891387061236273
12.56,10,17.931635598602373,2.5,5.736674557272172
12.57,10,18.91764542859872,2.5,6.689212385295294
12.58,10,18.58535741656124,2.5,6.32348653856266
12.59,10,19.441115278373832,2.5,7.145840697376011
12.6,10,19.548403707863823,2.5,7.21975952005127
12.61,10,19.435130717698186,2.5,7.073150983813038
12.62,10,19.66832141579832,2.5,7.273040161207651
12.63,10,18.64815207395876,2.5,6.219603288720479
12.64,10,19.33469723121166,2.5,6.872914870138882
12.65,10,18.360845472527718,2.5,5.865863455251696
12.66,10,19.601644256659927,2.5,7.073496467691498
12.67,10,19.162067237218753,2.5,6.600787526008623
12.68,10,20.20599113014779,2.5,7.611613311145769
12.69,10,19.85598564007426,2.5,7.228543492787049
12.7,10,19.86487341541513,2.5,7.2044006844628745
12.71,10,19.697733802044382,2.5,7.004264197216611
12.72,10,18.97672020434958,2.5,6.250287400659901
12.73,10,19.60352389133027,2.5,6.8441615290699795
12.74,10,18.931464271216203,2.5,6.139205956006894
12.75,10,20.2875076684799,2.5,7.462386971325699
12.76,10,19.708985890184326,2.5,6.8510363475226566
12.77,10,20.78626303758954,2.5,7.895518151341548
12.78,10,19.999053489030736,2.5,7.075546726650716
12.79,10,20.179245990931687,2.5,7.223010785455829
12.8,10,19.69337586200152,2.5,6.704445612095809
12.81,10,19.37179324559632,2.5,6.350201315604241
12.82,10,19.92385827462323,2.5,6.869637994612327
12.83,10,19.56497700010605,2.5,6.4781616659139925
12.84,10,20.861076667986893,2.5,7.741699541267105
12.85,10,20.179310613129367,2.5,7.027404921396095
12.86,10,21.170047989855508,2.5,7.985646926528117
12.87,10,20.071282029579084,2.5,6.854418754026344
12.88,10,20.451407857757637,2.5,7.202115495340759
12.89,10,19.75620347373453,2.5,6.474515115850669
12.9,10,19.907681239938483,2.5,6.593629944062926
12.91,10,20.314637485622544,2.5,6.968256275351024
12.92,10,20.26456288491119,2.5,6.885884750001639
12.93,10,21.27144470656118,2.5,7.860502602975081
12.94,10,20.48791282090862,2.5,7.0447396708520955
12.95,10,21.274006815392696,2.5,7.798635507356945
12.96,10,19.997204668318396,2.5,6.489668057120304
12.97,10,20.58206414644033,2.5,7.0423950532620205
12.98,10,19.793383537084566,2.5,6.2216147495135035
12.99,10,20.441514567289364,2.5,6.837678839357442
13.0,10,20.6619434610763,2.5,7.026073513299212
13.01,10,20.867039176400304,2.5,7.199167695816005
13.02,10,21.507928670669887,2.5,7.808088310877404
13.03,10,20.727612445079718,2.5,6.995835826277555
13.04,10,21.332521424105657,2.5,7.568841133129426
13.05,10,20.083009762972956,2.5,6.287458353333709
13.06,10,20.92282867849414,2.5,7.095438670415803
13.07,10,20.169635333534746,2.5,6.310439213991344
13.08,10,21.22385018975648,2.5,7.332880412509691
13.09,10,21.163685130536525,2.5,7.240974116172285
13.1,10,21.602557212790938,2.5,7.648137348756799
13.11,10,21.77387097340266,2.5,7.787774614043859
13.12,10,21.042868749951715,2.5,7.025128216548137
13.13,10,21.41983358537277,2.5,7.37048116617477
13.14,10,20.322659967546215,2.5,6.241727917811274
13.15,10,21.313339185722114,2.5,7.200859727750545
13.16,10,20.638705539415945,2.5,6.494710862586621
13.17,10,21.936407576684523,2.5,7.760929837490893
13.18,10,21.58909366060779,2.5,7.382164982693248
13.19,10,22.110257649292056,2.5,7.871910123485325
13.2,10,21.783429191573305,2.5,7.513694875923917
13.21,10,21.28080330774906,2.5,6.979714227562542
13.22,10,21.386685561248527,2.5,7.054273709121107
13.23,10,20.616423175121067,2.5,6.252720510975117
13.24,10,21.671614688995007,2.5,7.276653140113569
13.25,10,21.050212593677294,2.5,6.624024054738881
13.26,10,22.403656713513907,2.5,7.946273046627103
13.27,10,21.71117077713002,2.5,7.222623811868123
13.28,10,22.357174120125443,2.5,7.837495653560731
13.29,10,21.61924988046389,2.5,7.068471677202048
13.3,10,21.43784688052231,2.5,6.85600067273676
13.31,10,21.469211176331576,2.5,6.8563286637974
13.32,10,21.13764396856199,2.5,6.493756818690175
13.33,10,22.20111765967584,2.5,7.5262575075472125
13.34,10,21.72442996550762,2.5,7.018628413906829
13.35,10,22.978907141030664,2.5,8.242195760479794
13.36,10,22.002587285978024,2.5,7.2349976147706165
13.37,10,22.61719621302761,2.5,7.81875975726217
13.38,10,21.606006731956843,2.5,6.776754965570562
13.39,10,21.802669081573583,2.5,6.9426334463755905
13.4,10,21.68405654634435,2.5,6.793268452049608
13.41,10,21.822744809277033,2.5,6.901235633539454
13.42,10,22.666871985246015,2.5,7.714673073691755
13.43,10,22.30521662188071,2.5,7.322359288141641
13.44,10,23.28708543378078,2.5,8.273600959527574
13.45,10,22.178098770656657,2.5,7.134018405631865
13.46,10,22.838461286658802,2.5,7.7638162487101665
13.47,10,21.65861380606205,2.5,6.553435281175329
13.48,10,22.273020381636876,2.5,7.137339523968793
13.49,10,21.99255473318707,2.5,6.826402665098501
13.5,10,22.526040244818734,2.5,7.329448056907145
13.51,10,23.05572676362385,2.5,7.828725514756567
13.52,10,22.79194017909799,2.5,7.53456089644466
13.53,10,23.418297340881214,2.5,8.130571019946633
13.54,10,22.241618220105302,2.5,6.923575824761819
13.55,10,22.907641763998466,2.5,7.559314226519065
13.56,10,21.78512428436686,2.5,6.406542505457168
13.57,10,22.81965863124223,2.5,7.410853480073479
13.58,10,22.46855098633036,2.5,7.029553300571579
13.59,10,23.31269351227804,2.5,7.84353409812856
13.6,10,23.415449940532273,2.5,7.916159572754134
13.61,10,23.262662158952295,2.5,7.733271580902354
13.62,10,23.510340305826514,2.5,7.9508802294889955
13.63,10,22.475291236624134,2.5,6.885792342642775
13.64,10,23.12867749033266,2.5,7.50917042804277
13.65,10,22.176637643264513,2.5,6.527153030725201
13.66,10,23.45116067257127,2.5,7.771729096597762
13.67,10,22.96859479600888,2.5,7.259246812204138
13.68,10,23.9892567517665,2.5,8.25002288455369
13.69,10,23.63308385768944,2.5,7.863994600343509
13.7,10,23.614103721845115,2.5,7.815189536525147
13.71,10,23.49212191367153,2.5,7.66341323145227
13.72,10,22.746376937216674,2.5,6.8879041581206035
13.73,10,23.354391463010053,2.5,7.466184956039054
13.74,10,22.68075924227216,2.5,6.76284934543952
13.75,10,23.996478325675024,2.5,8.048895346037026
13.76,10,23.40955297303335,2.5,7.43232718672094
13.77,10,24.495934272089148,2.5,8.489095924339672
13.78,10,23.70658784080953,2.5,7.6701671459984055
13.79,10,23.90940291193587,2.5,7.843430053608031
13.8,10,23.42671388399391,2.5,7.331219014895588
13.81,10,23.114154155695438,2.5,6.989167397805296
13.82,10,23.647338922841097,2.5,7.492890367402248
13.83,10,23.29468236950205,2.5,7.110802077052962
13.84,10,24.570048134905022,2.5,8.356766135311263
13.85,10,23.865817223155076,2.5,7.6231635156406385
13.86,10,24.86631453542072,2.5,8.594319088599221
13.87,10,23.721689615249485,2.5,7.420382367155655
13.88,10,24.09393257611557,2.5,7.763343434236283
13.89,10,23.434548574268113,2.5,7.074707415573842
13.9,10,23.628269099311524,2.5,7.239205770287532
13.91,10,24.050921334379957,2.5,7.632665651057186
13.92,10,23.975890438415995,2.5,7.528472186402545
13.93,10,25.019486263245557,2.5,8.542935197757558
13.94,10,24.248604276618916,2.5,7.742950122511546
13.95,10,25.066027367030465,2.5,8.53129981882923
13.96,10,23.761005566815047,2.5,7.1972342887465555
13.97,10,24.329679022239755,2.5,7.736893648262734
13.98,10,23.55298891701434,2.5,6.931219050850473
13.99,10,24.1632589254209,2.5,7.5125341405858705
14.0,10,24.384109423326517,2.5,7.7044592631608895
14.01,10,24.610936718259616,2.5,7.902390695959346
14.02,10,25.253213661292033,2.5,8.515801259939662
14.03,10,24.4604296775293,2.5,7.6941803501243236
14.04,10,25.05873555819611,2.5,8.263678727686187
14.05,10,23.765016737303327,2.5,6.941181796614456
14.06,10,24.576554657383554,2.5,7.723970969450983
14.07,10,23.756113988043225,2.5,6.874810885842192
14.08,10,24.795264215054328,2.5,7.88527100163035
14.09,10,24.790416913964737,2.5,7.851762862464457
14.1,10,25.19392349146166,2.5,8.226637845163198
14.11,10,25.357972344886843,2.5,8.362084317230412
14.12,10,24.655131877673007,2.5,7.630670652291235
14.13,10,25.05055389434447,2.5,7.997548625093021
14.14,10,23.939804910936203,2.5,6.858284721923933
14.15,10,24.919936400168528,2.5,7.809930385788046
14.16,10,24.232357447594723,2.5,7.093894672552829
14.17,10,25.497290211733823,2.5,8.330399711081453
14.18,10,25.12905151146009,2.5,7.933762290622811
14.19,10,25.68048984337598,2.5,8.456830878184311
14.2,10,25.389186942419993,2.5,8.137187179139515
14.21,10,24.911386648287504,2.5,7.631075003648991
14.22,10,25.074835568047515,2.5,7.766240929277218
14.23,10,24.308741844194785,2.5,6.971893069044254
14.24,10,25.42011813440643,2.5,8.055044051183032
14.25,10,24.806748231509975,2.5,7.4134776391066755
14.26,10,26.174690418222603,2.5,8.753252086147949
14.27,10,25.45420369760688,2.5,8.004626366015078
14.28,10,26.089674558262136,2.5,8.611986937983115
14.29,10,25.336496148591777,2.5,7.830726921160959
14.3,10,25.17448613308115,2.5,7.640663950769367
14.31,10,25.18930806422686,2.5,7.627461550070371
14.32,10,24.863448094701067,2.5,7.273605842531236
14.33,10,25.89592608008327,2.5,8.278116654556309
14.34,10,25.424913695915816,2.5,7.779165632542774
14.35,10,26.66320093174176,2.5,8.989542736918128
14.36,10,25.737672005571252,2.5,8.03613215660669
14.37,10,26.39064404515299,2.5,8.661250990301037
14.38,10,25.349534429377783,2.5,7.592316587865604
14.39,10,25.56958860552459,2.5,7.784574367582397
14.4,10,25.43510742693102,2.5,7.622325153821698
14.41,10,25.563747963156896,2.5,7.723225987205762
14.42,10,26.414011440701234,2.5,8.545778065325377
14.43,10,26.056025538423217,2.5,8.160109038161018
14.44,10,27.051615040677078,2.5,9.128043661217749
14.45,10,25.897069565787014,2.5,7.9458715239999735
14.46,10,26.53994079762313,2.5,8.561144281587449
14.47,10,25.395169522875907,2.5,7.388802691909798
14.48,10,26.012258177262193,2.5,7.978349161952054
14.49,10,25.767787172356936,2.5,7.706364074586916
14.5,10,26.257070291794644,2.5,8.168161184776023
14.51,10,26.81215645247795,2.5,8.695789380778072
14.52,10,26.527631464195643,2.5,8.383834443767356
14.53,10,27.13530926527411,2.5,8.964110283484988
14.54,10,25.995218884254022,2.5,7.796645899915352
14.55,10,26.655298550767778,2.5,8.429379494164047
14.56,10,25.528522406386564,2.5,7.2752851793040945
14.57,10,26.507106008053665,2.5,8.226578483810076
14.58,10,26.157589013572224,2.5,7.849799037045334
14.59,10,27.00879053303505,2.5,8.673765920691869
14.6,10,27.13663862824138,2.5,8.774407168167162
14.61,10,26.959292176601423,2.5,8.569881628528654
14.62,10,27.13651634639301,2.5,8.71995444173024
14.63,10,26.112377272829562,2.5,7.668691714690324
14.64,10,26.72206451246126,2.5,8.251282975693098
14.65,10,25.743417477480406,2.5,7.245567608693407
14.66,10,26.962952222753064,2.5,8.438061640348986
14.67,10,26.497293504847445,2.5,7.945389799048368
14.68,10,27.526478923417212,2.5,8.947589656294232
14.69,10,27.19260936286802,2.5,8.586762068370128
14.7,10,27.185180351146254,2.5,8.552402535128754
14.71,10,27.02355345702171,2.5,8.36387259727528
14.72,10,26.278427198465003,2.5,7.591870744744044
14.73,10,26.89271264027014,2.5,8.179308014321428
14.74,10,26.214292108154655,2.5,7.474066703745935
14.75,10,27.582166747805125,2.5,8.815147930753664
14.76,10,26.967837269700333,2.5,8.17405237790159
14.77,10,28.031838690214897,2.5,9.211315033670687
14.78,10,27.27742787279372,2.5,8.430192733640945
14.79,10,27.44058689142221,2.5,8.56666752396126
14.8,10,26.981072132331196,2.5,8.080495763054246
14.81,10,26.67488387932133,2.5,7.74767770694072
14.82,10,27.17987599644547,2.5,8.22606719192217
14.83,10,26.78711240844305,2.5,7.8067281150147805
14.84,10,28.073223626157,2.5,9.06629095936683
14.85,10,27.381494467309874,2.5,8.348040515034103
14.86,10,28.360557141031837,2.5,9.300608963508585
14.87,10,27.228898881300687,2.5,8.142483511157746
14.88,10,27.60074985344831,2.5,8.487894295731657
14.89,10,26.938824579241697,2.5,7.799555811443394
14.9,10,27.10609164286744,2.5,7.940436614953811
14.91,10,27.48267127832392,2.5,8.29065691276358
14.92,10,27.4376849482877,2.5,8.219338140079829
14.93,10,28.459457799473732,2.5,9.214805416175924
14.94,10,27.725254090908425,2.5,8.454322972664647
14.95,10,28.522567579983374,2.5,9.225384539552064
14.96,10,27.215985985786453,2.5,7.892577808568344
14.97,10,27.79648421287228,2.5,8.44687765693848
14.98,10,27.014476993470723,2.5,7.638698789590474
14.99,10,27.673194509439092,2.5,8.271271361107635
15.0,10,27.887270635525983,0.0,8.459229218992279
15.01,10,28.11862839413183,0.0,8.615356191760108
15.02,10,28.789674935846413,0.0,9.21286596389984
15.03,10,28.017820092169426,0.0,8.369089334794968
15.04,10,28.641988081322516,0.0,8.922875266247386
15.05,10,27.325279013628037,0.0,7.537252207383009
15.06,10,28.122043959774622,0.0,8.266502991070263
15.07,10,27.3447672406558,0.0,7.423046960126119
15.08,10,28.373928714679746,0.0,8.387302098814125
15.09,10,28.3037925192375,0.0,8.25347362594925
15.1,10,28.71257978085808,0.0,8.599726563780827
15.11,10,28.93031580093743,0.0,8.756032789202445
15.12,10,28.258332412886336,0.0,8.023673262810394
15.13,10,28.607246546717068,0.0,8.31321647152346
15.14,10,27.45713702934662,0.0,7.104695112749117
15.15,10,28.435339485569223,0.0,8.025400884770852
15.16,10,27.735403885285997,0.0,7.268841928677959
15.17,10,28.970915974547424,0.0,8.448564159141291
15.18,10,28.618423679103465,0.0,8.041077572489943
15.19,10,29.200068321664407,0.0,8.568487373061476
15.2,10,28.87107942853538,0.0,8.185988693272034
15.21,10,28.415309885060438,0.0,7.677401666633339
15.22,10,28.57121041847551,0.0,7.7811458321181375
15.23,10,27.787784589572798,0.0,6.9461950510895685
15.24,10,28.82313904202661,0.0,7.930627685463512
15.25,10,28.204907814996762,0.0,7.26205084255054
15.26,10,29.561230729938195,0.0,8.568578697342947
15.27,10,28.889547114058765,0.0,7.847626154533533
15.28,10,29.502539091393167,0.0,8.411852081088096
15.29,10,28.79302531024307,0.0,7.654052977980242
15.3,10,28.622862095551888,0.0,7.436064079522635
15.31,10,28.61955704719347,0.0,7.385372901149122
15.32,10,28.23681101137834,0.0,6.955661162727118
15.33,10,29.24067697907564,0.0,7.912963641185649
15.34,10,28.768658027970865,0.0,7.394766068867346
15.35,10,30.02123791885155,0.0,8.601535688393023
15.36,10,29.0671617384564,0.0,7.602001855974601
15.37,10,29.707952786529717,0.0,8.197672890822446
15.38,10,28.650059912576882,0.0,7.094983376054428
15.39,10,28.87309857859662,0.0,7.273535187293487
15.4,10,28.72499776598529,0.0,7.081244367070549
15.41,10,28.8429497026998,0.0,7.155290821038823
15.42,10,29.712089228125002,0.0,7.980797653371521
15.43,10,29.338900105510124,0.0,7.5642374511380135
15.44,10,30.328492064848575,0.0,8.510709300464205
15.45,10,29.168410265086134,0.0,7.3077482232984545
15.46,10,29.804295449455854,0.0,7.900985308520473
15.47,10,28.674478905095903,0.0,6.728742648490984
15.48,10,29.238193714588714,0.0,7.2502445686255035
15.49,10,28.9591038551203,0.0,6.929146705638301
15.5,10,29.489070669597254,0.0,7.417302458742912
15.51,10,30.028901801897717,0.0,7.915511905940349
15.52,10,29.77382570561276,0.0,7.618996294702092
15.53,10,30.353442351944206,0.0,8.157348732674453
15.54,10,29.241345345751444,0.0,7.004156287352485
15.55,10,29.87791368724959,0.0,7.599791732188691
15.56,10,28.766547741799076,0.0,6.447649501537699
15.57,10,29.74238702513337,0.0,7.382863461749303
15.58,10,29.395467323338387,0.0,6.99546401768805
15.59,10,30.197340932625625,0.0,7.756998339690847
15.6,10,30.29058994658335,0.0,7.810043638614001
15.61,10,30.107244427788654,0.0,7.586625325825844
15.62,10,30.321205313825903,0.0,7.760639908159795
15.63,10,29.261254351439792,0.0,6.660864911532163
15.64,10,29.89899589060286,0.0,7.258900664977178
15.65,10,28.911101561675938,0.0,6.231414968254446
15.66,10,30.17042275406506,0.0,7.451255561410399
15.67,10,29.714823251605118,0.0,6.956282751500299
15.68,10,30.735083662894624,0.0,7.9372738346754135
15.69,10,30.37624313369398,0.0,7.539264800728777
15.7,10,30.38780829193829,0.0,7.511759270629991
15.71,10,30.2279127363606,0.0,7.312887978027971
15.72,10,29.495200956488034,0.0,6.541292682467693
15.73,10,30.145454180855126,0.0,7.152752011146943
15.74,10,29.461656282161453,0.0,6.4302473579272625
15.75,10,30.820515028374906,0.0,7.7504841285834685
15.76,10,30.19730135842201,0.0,7.088731010920372
15.77,10,31.29941049798601,0.0,8.152381085263682
15.78,10,30.52670699547983,0.0,7.341296855379033
15.79,10,30.677036566842347,0.0,7.453322088456849
15.8,10,30.167852969587994,0.0,6.905908684579563
15.81,10,29.803937546623654,0.0,6.503836216175387
15.82,10,30.383249131619642,0.0,7.045061829235162
15.83,10,30.03038454169155,0.0,6.65418073203821
15.84,10,31.31107966471642,0.0,7.89692727870179
15.85,10,30.59332054432057,0.0,7.141286050582009
15.86,10,31.58607838257285,0.0,8.096226855551949
15.87,10,30.463175544536284,0.0,6.935570729301045
15.88,10,30.851656312285044,0.0,7.2863606862559225
15.89,10,30.165064094544533,0.0,6.56213892627143
15.9,10,30.306170788322962,0.0,6.665676193454592
15.91,10,30.73871174744528,0.0,7.060706742025392
15.92,10,30.6844942474412,0.0,6.969036798658873
15.93,10,31.68874708510357,0.0,7.935894159619762
15.94,10,30.886872718061635,0.0,7.096680328027147
15.95,10,31.696458032502388,0.0,7.8689812793787075
15.96,10,30.42558588555426,0.0,6.560879001840931
15.97,10,31.022577040269006,0.0,7.120693429239013
15.98,10,30.2390635528592,0.0,6.300055826396291
15.99,10,30.87986531683711,0.0,6.903785331466676
16.0,10,31.12045533281754,0.0,7.10735422401683
16.01,10,31.32062202146709,0.0,7.270550236337499
16.02,10,31.989367647181496,0.0,7.902374975561037
16.03,10,31.205233940739188,0.0,7.0813695448292755
16.04,10,31.780875883424027,0.0,7.620188326002094
16.05,10,30.46343965318405,0.0,6.265976924469781
16.06,10,31.271235675664272,0.0,7.037045218902974
16.07,10,30.489493788868277,0.0,6.218622524693476
16.08,10,31.53524179834484,0.0,7.2277361479782485
16.09,10,31.482572813767792,0.0,7.1384787211117455
16.1,10,31.88464906565348,0.0,7.504012018329888
16.11,10,32.04038514413131,0.0,7.623250193516059
16.12,10,31.3395514468276,0.0,6.88596322712948
16.13,10,31.70545564311867,0.0,7.215458389548301
16.14,10,30.581512142875432,0.0,6.055149708947021
16.15,10,31.53817644847588,0.0,6.975492322484522
16.16,10,30.836416490110675,0.0,6.2374538108231565
16.17,10,32.106002422506734,0.0,7.47080399410431
16.18,10,31.71680395335593,0.0,7.045412259665124
16.19,10,32.29597883766148,0.0,7.588436055705738
16.2,10,31.96433326442847,0.0,7.2206812773343305
16.21,10,31.500552146649678,0.0,6.720832555937669
16.22,10,31.64759656169703,0.0,6.83185069898695
16.23,10,30.89984394064381,0.0,6.048112878802112
16.24,10,32.00186512213467,0.0,7.11418968589115
16.25,10,31.411044037239744,0.0,6.487464813298094
16.26,10,32.74540307112263,0.0,7.785960417789804
16.27,10,32.044350397459546,0.0,7.049084453816538
16.28,10,32.63682030548365,0.0,7.605771000119815
16.29,10,31.890692113000565,0.0,6.823899172331984
16.3,10,31.714884174849622,0.0,6.612387131041903
16.31,10,31.69029399824142,0.0,6.55213219675529
16.32,10,31.33423118288325,0.0,6.160443789661559
16.33,10,32.390845722251804,0.0,7.1814717305644695
16.34,10,31.892488159068655,0.0,6.64756639603247
16.35,10,33.08767969686328,0.0,7.807248829651624
16.36,10,32.116405483035805,0.0,6.800504024793449
16.37,10,32.765105990102064,0.0,7.4137723055789815
16.38,10,31.73096393339258,0.0,6.344236244310069
16.39,10,31.96151089327155,0.0,6.539427283433836
16.4,10,31.795597058488898,0.0,6.338195478652156
16.41,10,31.92119490930151,0.0,6.428513181811852
16.42,10,32.76648218433866,0.0,7.238558007550076
16.43,10,32.36936533927523,0.0,6.806236291758169
16.44,10,33.33831043261269,0.0,7.740013977163459
16.45,10,32.20580097595695,0.0,6.572374463416917
16.46,10,32.880054588924864,0.0,7.2115352618190025
16.47,10,31.692671581429906,0.0,5.989096577433075
16.48,10,32.31432775318903,0.0,6.575734108428402
16.49,10,32.05391746293424,0.0,6.280342115135584
16.5,10,32.58779404644138,0.0,6.779273837926815
16.51,10,33.08974448568262,0.0,7.246316166226546
16.52,10,32.855220705562985,0.0,6.976920935113422
16.53,10,33.484589949090996,0.0,7.571455300362695
16.54,10,32.31253760933896,0.0,6.364604570283956
16.55,10,32.920991174918704,0.0,6.938296151080853
16.56,10,31.750735126479956,0.0,5.733314443238624
16.57,10,32.70829979838098,0.0,6.656189703089008
16.58,10,32.31022383185675,0.0,6.223460495877926
16.59,10,33.15689855747774,0.0,7.035518078128927
16.6,10,33.29361698892318,0.0,7.137655391325256
16.61,10,33.13885963252119,0.0,6.948352871362814
16.62,10,33.37456626492456,0.0,7.149550226143981
16.63,10,32.36184984297682,0.0,6.1023603453646516
16.64,10,32.99952348040886,0.0,6.7055962771357285
16.65,10,32.02977324743309,0.0,5.701444027506778
16.66,10,33.26468537218696,0.0,6.901989761840624
16.67,10,32.7557867305207,0.0,6.3587602945371495
16.68,10,33.74528280495194,0.0,7.313961047926186
16.69,10,33.42018648409399,0.0,6.9546048516369785
16.7,10,33.39605614200453,0.0,6.8962500218911185
16.71,10,33.197237184653694,0.0,6.663241907917414
16.72,10,32.44995760146631,0.0,5.8818084434437035
16.73,10,33.06417959080511,0.0,6.461911772131708
16.74,10,32.366158817218185,0.0,5.7298075047784485
16.75,10,33.706027003298594,0.0,7.035627311132533
16.76,10,33.098276203738415,0.0,6.3938631939060055
16.77,10,34.163569177130924,0.0,7.4251778605375645
16.78,10,33.41608478635559,0.0,6.643750123539111
16.79,10,33.59809245592648,0.0,6.791849357808827
16.8,10,33.08587871128398,0.0,6.245762039888261
16.81,10,32.749657736433136,0.0,5.875702305568306
16.82,10,33.304651498162215,0.0,6.396892074076395
16.83,10,32.93488084947165,0.0,5.993352151476489
16.84,10,34.2348807831927,0.0,7.25961748425899
16.85,10,33.5173516549403,0.0,6.508388382267069
16.86,10,34.48749943263076,0.0,7.444870768188824
16.87,10,33.382200165216354,0.0,6.305940646267577
16.88,10,33.75772699250197,0.0,6.647871112095307
16.89,10,33.07313736508072,0.0,5.929719572526314
16.9,10,33.23647135475215,0.0,6.059526056074376
16.91,10,33.63168888072648,0.0,6.421250439097038
16.92,10,33.57737752452596,0.0,6.3334802606778
16.93,10,34.59456910752825,0.0,7.317247300151671
16.94,10,33.814448909762184,0.0,6.503736795883535
16.95,10,34.631329899849305,0.0,7.287261675192959
16.96,10,33.31446310287337,0.0,5.93707292220851
16.97,10,33.912411292901794,0.0,6.501733270373945
16.98,10,33.11531306593838,0.0,5.671381275387168
16.99,10,33.73508871124867,0.0,6.2579371865113975
17.0,10,33.945140684749795,0.0,6.434803419952759
17.01,10,34.187853572864,0.0,6.644364522701261
17.02,10,34.847046820876876,0.0,7.270439900877436
17.03,10,34.0593076536462,0.0,6.449616740430029
17.04,10,34.676911792238336,0.0,7.034170723761692
17.05,10,33.35520894523996,0.0,5.679451521031013
17.06,10,34.17284718095498,0.0,6.464107162339334
17.07,10,33.36315792631781,0.0,5.621469036635174
17.08,10,34.37551536735214,0.0,6.600911292164294
17.09,10,34.316904053392165,0.0,6.509418440682359
17.1,10,34.7125913898347,0.0,6.872257850199498
17.11,10,34.870788814193446,0.0,6.997640921027044
17.12,10,34.194691041927435,0.0,6.288762331598354
17.13,10,34.50733643916097,0.0,6.5686604111824805
17.14,10,33.37435225408215,0.0,5.402962371275786
17.15,10,34.35837457527141,0.0,6.354304263924503
17.16,10,33.645450424724096,0.0,5.608733074741337
17.17,10,34.91031052068226,0.0,6.8409794857317525
17.18,10,34.55104983557621,0.0,6.449138433229925
17.19,10,35.0538856015203,0.0,6.919427113389795
17.2,10,34.72394189089647,0.0,6.556969562763448
17.21,10,34.23178562256122,0.0,6.032332664503468
17.22,10,34.39192312529292,0.0,6.16002271180603
17.23,10,33.57605804991203,0.0,5.311743320026874
17.24,10,34.601204633864036,0.0,6.304508691260064
17.25,10,33.976236119392226,0.0,5.647192032507268
17.26,10,35.349835949224634,0.0,6.988476751360841
17.27,10,34.69412835760053,0.0,6.300487047026783
17.28,10,35.326017443608784,0.0,6.9001269836600345
17.29,10,34.56855956648025,0.0,6.110452885653847
17.3,10,34.38885553059556,0.0,5.8985655226438585
17.31,10,34.3592531306242,0.0,5.836812654645489
17.32,10,33.99532514138136,0.0,5.440767021906831
17.33,10,35.00706123838147,0.0,6.4204182654605795
17.34,10,34.53563794653156,0.0,5.916942875814364
17.35,10,35.810336756381275,0.0,7.159622309198749
17.36,10,34.842395307529095,0.0,6.159694170970959
17.37,10,35.474933133878395,0.0,6.7602779608689
17.38,10,34.43507321027377,0.0,5.688496619645454
17.39,10,34.60838570386558,0.0,5.829920280431227
17.4,10,34.48862285848233,0.0,5.6783011531049405
17.41,10,34.55542796150849,0.0,5.713282491169449
17.42,10,35.39499649172761,0.0,6.5210597395932695
17.43,10,35.02984016750344,0.0,6.124144582990005
17.44,10,35.99982529980519,0.0,7.062403298642344
17.45,10,34.83261982309216,0.0,5.86350378738482
17.46,10,35.49730251883159,0.0,6.4965247971208155
17.47,10,34.261421083647306,0.0,5.22901399096922
17.48,10,34.85506841514695,0.0,5.791064233091041
17.49,10,34.6082685415535,0.0,5.512699518319488
17.5,10,35.14144228054988,0.0,6.014340631003094
17.51,10,35.669949231636664,0.0,6.511347137362905
17.52,10,35.454721511649,0.0,6.26465112100805
17.53,10,36.10558230078379,0.0,6.88407572896186
17.54,10,34.92279556936358,0.0,5.669884898425119
17.55,10,35.56335056174012,0.0,6.279067840678405
17.56,10,34.40712431466585,0.0,5.091501559452969
17.57,10,35.40005181620579,0.0,6.053121009841345
17.58,10,35.04194026566282,0.0,5.66373335822267
17.59,10,35.88414851805805,0.0,6.474697426741455
17.6,10,36.02535691284615,0.0,6.584693522022597
17.61,10,35.85538661541302,0.0,6.3835427766685235
17.62,10,36.08093099969606,0.0,6.577938531878477
17.63,10,35.020854134003145,0.0,5.486744823267041
17.64,10,35.68367527406351,0.0,6.118480873914509
17.65,10,34.7040333649071,0.0,5.107785596245192
17.66,10,35.92056644579931,0.0,6.293296996962546
17.67,10,35.39262927147534,0.0,5.734369798282136
17.68,10,36.41833000179281,0.0,6.729112127584018
17.69,10,36.090013563019575,0.0,6.369868878700328
17.7,10,36.05864947306177,0.0,6.307609537142615
17.71,10,35.88974950346429,0.0,6.107845842101996
17.72,10,35.16219186254786,0.0,5.349455969585701
17.73,10,35.76368197691749,0.0,5.920145313925323
17.74,10,35.03575249711389,0.0,5.161446493427675
17.75,10,36.41550781195678,0.0,6.510463864718088
17.76,10,35.8240483142582,0.0,5.888297788452647
17.77,10,36.87611204274964,0.0,6.909686271245768
17.78,10,36.08064793402768,0.0,6.083578217615171
17.79,10,36.222117240660225,0.0,6.194434848087876
17.8,10,35.72440185431817,0.0,5.666138022331468
17.81,10,35.38827384495455,0.0,5.2994597783331425
17.82,10,35.93564139744779,0.0,5.816308269042586
17.83,10,35.55259838384515,0.0,5.402777334615238
17.84,10,36.81933168849118,0.0,6.6390538275402475
17.85,10,36.12688481602649,0.0,5.916181220639453
17.86,10,37.11056424018838,0.0,6.869465955867518
17.87,10,35.98625334969035,0.0,5.714791390191158
17.88,10,36.344766995338404,0.0,6.042972342705521
17.89,10,35.660992473246,0.0,5.328896077848487
17.9,10,35.79926960493937,0.0,5.436902385506427
17.91,10,36.22995305342104,0.0,5.837345897076931
17.92,10,36.18529787985695,0.0,5.762481642156115
17.93,10,37.18573992464603,0.0,6.732745429607897
17.94,10,36.40635157717549,0.0,5.923209617319066
17.95,10,37.21511739319401,0.0,6.701858729572672
17.96,10,35.921103165429585,0.0,5.377758527665227
17.97,10,36.507391352180115,0.0,5.9339914384974195
17.98,10,35.701192843439365,0.0,5.097768320700017
17.99,10,36.337318285449676,0.0,5.703899789186051
18.0,10,36.547972407559755,0.0,5.884590542009068
18.01,10,36.766165656729505,0.0,6.0728509948673945
18.02,10,37.37569184582246,0.0,6.652474929396586
18.03,10,36.59466953537696,0.0,5.841580874940331
18.04,10,37.15665068489234,0.0,6.3737207598368695
18.05,10,35.83455194492558,0.0,5.021811203515367
18.06,10,36.66203161768869,0.0,5.819510477092985
18.07,10,35.88765548604659,0.0,5.015384332372961
18.08,10,36.905483953461854,0.0,6.003493141789188
18.09,10,36.843682274264324,0.0,5.912002128675591
18.1,10,37.249768571137416,0.0,6.288429384752438
18.11,10,37.369030651932526,0.0,6.378062686940768
18.12,10,36.65440267858546,0.0,5.633836166278562
18.13,10,36.989571655083374,0.0,5.939436795887531
18.14,10,35.84251694137736,0.0,4.76284390488606
18.15,10,36.79855878219621,0.0,5.689377707202307
18.16,10,36.097063839632774,0.0,4.958404834160844
18.17,10,37.34813409717886,0.0,6.180027238517462
18.18,10,36.981538608491775,0.0,5.784013943225598
18.19,10,37.52752635841053,0.0,6.300613902452452
18.2,10,37.154373448311155,0.0,5.898103186934145
18.21,10,36.683095027510554,0.0,5.397496915379606
18.22,10,36.85182090635288,0.0,5.536924867556998
18.23,10,36.085393090715876,0.0,4.741229018799751
18.24,10,37.15247045875921,0.0,5.779068216755174
18.25,10,36.55906189072063,0.0,5.156451311180066
18.26,10,37.90992369608503,0.0,6.478134581110156
18.27,10,37.21050400823332,0.0,5.749566129508726
18.28,10,37.843182516288216,0.0,6.353125615112334
18.29,10,37.107847937034336,0.0,5.588701724350825
18.3,10,36.933324621767795,0.0,5.385118778197306
18.31,10,36.92293907321298,0.0,5.345703249083938
18.32,10,36.53162291376857,0.0,4.925386729148983
18.33,10,37.58791202778895,0.0,5.9527050725173405
18.34,10,37.089912445214054,0.0,5.425764278930808
18.35,10,38.31706515309118,0.0,6.6240053052695345
18.36,10,37.37917056065049,0.0,5.657228530627989
18.37,10,37.998514567091824,0.0,6.247719824100919
18.38,10,36.96612471927426,0.0,5.186506702473612
18.39,10,37.20854928179891,0.0,5.4001374003041365
18.4,10,37.031196757772605,0.0,5.194020390687551
18.41,10,37.139512440116,0.0,5.273600936563229
18.42,10,37.984900259577074,0.0,6.090282938728825
18.43,10,37.59768517054274,0.0,5.674391321651881
18.44,10,38.57427151575768,0.0,6.622330398188209
18.45,10,37.42757032865907,0.0,5.447011171917033
18.46,10,38.05980599346891,0.0,6.050657997232719
18.47,10,36.86932714137456,0.0,4.831619475526103
18.48,10,37.466236908118205,0.0,5.399998712773082
18.49,10,37.17813949875626,0.0,5.083399884294354
18.5,10,37.66171954566109,0.0,5.538507592757132
18.51,10,38.16524336778923,0.0,6.01358812744326
18.52,10,37.89657143139572,0.0,5.716501924963529
18.53,10,38.49857336410238,0.0,6.290118583325936
18.54,10,37.3386399924261,0.0,5.101828899463742
18.55,10,37.95069455634183,0.0,5.685556083798617
18.56,10,36.774093945202544,0.0,4.480656996160675
18.57,10,37.72067770781229,0.0,5.39897115586129
18.58,10,37.344031848166985,0.0,4.9940845374337055
18.59,10,38.17348686605476,0.0,5.795327611233875
18.6,10,38.261218101672654,0.0,5.854875688056463
18.61,10,38.13929091060244,0.0,5.704794094111245
18.62,10,38.324760707428354,0.0,5.862138214640231
18.63,10,37.274966681044376,0.0,4.7842472092255
18.64,10,37.92675488016781,0.0,5.407967097302247
18.65,10,36.967388191441785,0.0,4.420560736261567
18.66,10,38.1798987705939,0.0,5.6050602526087605
18.67,10,37.67796729068651,0.0,5.075146290213997
18.68,10,38.72958145408412,0.0,6.098806522279139
18.69,10,38.39688468365403,0.0,5.738184342539187
18.7,10,38.3422586613679,0.0,5.655661403862612
18.71,10,38.18639420932978,0.0,5.471928499280649
18.72,10,37.434919672967325,0.0,4.692613945177423
18.73,10,38.076604171045545,0.0,5.306486831304382
18.74,10,37.36497824117478,0.0,4.5670776662877115
18.75,10,38.68428946043756,0.0,5.858633998255672
18.76,10,38.07305298305918,0.0,5.219670952508557
18.77,10,39.12720923796436,0.0,6.24612892907597
18.78,10,38.34026029374277,0.0,5.431509967681802
18.79,10,38.484349057449165,0.0,5.547956946544496
18.8,10,37.995572614954256,0.0,5.031566922728096
18.81,10,37.65325338907767,0.0,4.661662290274778
18.82,10,38.22473425081122,0.0,5.205585891428358
18.83,10,37.84376840915835,0.0,4.797090906473677
18.84,10,39.123160061648264,0.0,6.048981504250757
18.85,10,38.42388078226869,0.0,5.322229230087319
18.86,10,39.38724831240244,0.0,6.258151796735454
18.87,10,38.260402646497454,0.0,5.103889170041658
18.88,10,38.64277758683994,0.0,5.458875123719865
18.89,10,37.928533748481286,0.0,4.717270244278401
18.9,10,38.085493263239414,0.0,4.846896635021331
18.91,10,38.52273480375371,0.0,5.256832940103035
18.92,10,38.44725567837636,0.0,5.15407643942011
18.93,10,39.4985833434893,0.0,6.178154560927764
18.94,10,38.710579158894014,0.0,5.362928636029847
18.95,10,39.477280179178926,0.0,6.102435690946225
18.96,10,38.16618231470009,0.0,4.7641716076930365
18.97,10,38.760991156151185,0.0,5.331841948653418
18.98,10,37.98525993156782,0.0,4.528999913580893
18.99,10,38.61887061226447,0.0,5.135527445537065
19.0,10,38.84409690084181,0.0,5.333698218898499
19.01,10,39.07054739078103,0.0,5.533120798950826
19.02,10,39.71783266666474,0.0,6.1534057421104045
19.03,10,38.91861775674049,0.0,5.327218048486715
19.04,10,39.52694447604365,0.0,5.908599505006218
19.05,10,38.18938527213919,0.0,4.5441225311533895
19.06,10,38.9756535244012,0.0,5.303500478250515
19.07,10,38.191800912063464,0.0,4.492784997508418
19.08,10,39.222521329648856,0.0,5.496669955455423
19.09,10,39.15682641908558,0.0,5.404166966053764
19.1,10,39.520274061524134,0.0,5.740833882516498
19.11,10,39.64940128633561,0.0,5.84320770630602
19.12,10,38.96323472739589,0.0,5.130315043417638
19.13,10,39.30667803733017,0.0,5.447059518624681
19.14,10,38.21060901048108,0.0,4.324318898446334
19.15,10,39.1707699046565,0.0,5.2578354128952425
19.16,10,38.46746486239695,0.0,4.527913176745183
19.17,10,39.74098718846916,0.0,5.7748454670245515
19.18,10,39.374516105855946,0.0,5.3818114790061085
19.19,10,39.90857993984556,0.0,5.8893395102960175
19.2,10,39.577127259768645,0.0,5.5313781025716535
19.21,10,39.091475855106275,0.0,5.019245017688552
19.22,10,39.24032445402406,0.0,5.141638956215229
19.23,10,38.44246223280559,0.0,4.3173490668661945
19.24,10,39.47888506611919,0.0,5.327371196769085
19.25,10,38.87689586378691,0.0,4.699008228232881
19.26,10,40.1788645140707,0.0,5.974630022035115
19.27,10,39.4760371137646,0.0,5.245482647513061
19.28,10,40.06928856994384,0.0,5.812440984313444
19.29,10,39.33462517133023,0.0,5.051511293757228
19.3,10,39.168950273624645,0.0,4.859596904172811
19.31,10,39.11288571518556,0.0,4.777319626573817
19.32,10,38.76170221087218,0.0,4.399950148502583
19.33,10,39.75649154822552,0.0,5.368580230211361
19.34,10,39.288382264844444,0.0,4.874338382037632
19.35,10,40.48125950125897,0.0,6.041109717278239
19.36,10,39.493420955515894,0.0,5.027191906774558
19.37,10,40.10195684944765,0.0,5.609675145181158
19.38,10,39.04360740577176,0.0,4.525299628065568
19.39,10,39.25419671707934,0.0,4.709889420896516
19.4,10,39.10689912476257,0.0,4.536618837971732
19.41,10,39.24251644519871,0.0,4.6462896686012485
19.42,10,40.09585256352543,0.0,5.4737057708835195
19.43,10,39.72441824162921,0.0,5.076377879693218
19.44,10,40.70117813144328,0.0,6.027270619979335
19.45,10,39.54783154771949,0.0,4.8480832795370254
19.46,10,40.16584032454583,0.0,5.440277665525202
19.47,10,38.97220893525678,0.0,4.220858224376476
19.48,10,39.56616030399062,0.0,4.789047853354931
19.49,10,39.31150777379583,0.0,4.50865986866229
19.5,10,39.8282647791275,0.0,4.999707677934102
19.51,10,40.3303442194821,0.0,5.476104153874846
19.52,10,40.09546174969154,0.0,5.215564924551629
19.53,10,40.71805524679898,0.0,5.812527840270272
19.54,10,39.49321693592613,0.0,4.562085099442325
19.55,10,40.092082315042546,0.0,5.135372173354369
19.56,10,38.91841092205732,0.0,3.936148573259859
19.57,10,39.8865884858071,0.0,4.878800001367087
19.58,10,39.503432764721246,0.0,4.47014418950399
19.59,10,40.30809448461646,0.0,5.249331836913195
19.6,10,40.39163927889522,0.0,5.307428550450173
19.61,10,40.236925838062575,0.0,5.1272929940998235
19.62,10,40.45837533739985,0.0,5.323346316650886
19.63,10,39.4512883332969,0.0,4.290889048027118
19.64,10,40.10052425647071,0.0,4.9147805925066965
19.65,10,39.131674802416484,0.0,3.920612619172992
19.66,10,40.369543325897496,0.0,5.1331884564043735
19.67,10,39.89955301796138,0.0,4.637931268890528
19.68,10,40.906154956697634,0.0,5.619292108389631
19.69,10,40.5406091206205,0.0,5.228530927111857
19.7,10,40.47138244206034,0.0,5.13411463111008
19.71,10,40.28658779601897,0.0,4.924156069135521
19.72,10,39.55509110027585,0.0,4.167521132743813
19.73,10,40.157539602431534,0.0,4.744857043338627
19.74,10,39.48811449587488,0.0,4.050344968138288
19.75,10,40.792508921551544,0.0,5.329678021944926
19.76,10,40.20438408385896,0.0,4.716517383039039
19.77,10,41.24558502334417,0.0,5.732708065877353
19.78,10,40.42411377106639,0.0,4.88625207545534
19.79,10,40.592144952133275,0.0,5.029324010843672
19.8,10,40.1312616223262,0.0,4.54350690181316
19.81,10,39.81519356550409,0.0,4.202530506238864
19.82,10,40.340434321979494,0.0,4.702888338475681
19.83,10,39.93798596560555,0.0,4.275582446445837
19.84,10,41.23031220191354,0.0,5.543076509776105
19.85,10,40.510250508493485,0.0,4.798207980178494
19.86,10,41.50573340434126,0.0,5.768909350797118
19.87,10,40.377316031303046,0.0,4.6157357376527814
19.88,10,40.71840395455089,0.0,4.9320926801186795
19.89,10,40.01256012878207,0.0,4.201543107119413
19.9,10,40.165394459688045,0.0,4.32969689860016
19.91,10,40.56649779803156,0.0,4.706144879603516
19.92,10,40.53428533008766,0.0,4.649302210710724
19.93,10,41.58732603037988,0.0,5.677737840777691
19.94,10,40.82792324710942,0.0,4.8937550923642466
19.95,10,41.630199768978244,0.0,5.671476728557126
19.96,10,40.31433209147349,0.0,4.331079219254194
19.97,10,40.8807696010316,0.0,4.873011925329101
19.98,10,40.079812152073096,0.0,4.047574675665213
19.99,10,40.70807716383579,0.0,4.651384863989526
20.0,10,40.90797653725538,2.5,4.826854365753008
20.01,10,41.106556964197736,2.5,5.050169014029377
20.02,10,41.71572726145452,2.5,5.6824310390872945
20.03,10,40.91341143230471,2.5,4.901643423752691
20.04,10,41.50516328096238,2.5,5.513435176143194
20.05,10,40.1860642568772,2.5,4.212959354442272
20.06,10,40.97029640057181,2.5,5.014466184583636
20.07,10,40.218070542604245,2.5,4.278231422846665
20.08,10,41.22901490074677,2.5,5.3039451088458485
20.09,10,41.17329397450675,2.5,5.261830608416137
20.1,10,41.59215077500796,2.5,5.693186984765317
20.11,10,41.737474678199995,2.5,5.849956986203214
20.12,10,41.03835506593513,2.5,5.161280815307862
20.13,10,41.35973577055098,2.5,5.492150695474241
20.14,10,40.220690343051295,2.5,4.361686255233068
20.15,10,41.218084619882895,2.5,5.366797205611998
20.16,10,40.43921173448753,2.5,4.594818456988062
20.17,10,41.705301142677065,2.5,5.86701924472898
20.18,10,41.31479748589592,2.5,5.481882087929101
20.19,10,41.82282817558398,2.5,5.994570464682964
20.2,10,41.46778017685063,2.5,5.643505682323452
20.21,10,40.98516395536043,2.5,5.164230906735242
20.22,10,41.140179797760254,2.5,5.321977561268129
20.23,10,40.322313421400004,2.5,4.506261011193858
20.24,10,41.35212409164978,2.5,5.537668752186236
20.25,10,40.70473823523639,2.5,4.891354091418955
20.26,10,42.087797088067695,2.5,6.274983859912801
20.27,10,41.39130458618869,2.5,5.578586364930266
20.28,10,42.00750932080007,2.5,6.194433403495884
20.29,10,41.267847258175955,2.5,5.453983038019162
20.3,10,41.10352188495272,2.5,5.288459794626434
20.31,10,41.06257700796274,2.5,5.245927513501938
20.32,10,40.7347089717032,2.5,4.916101614449405
20.33,10,41.76156210846729,2.5,5.940644592818302
20.34,10,41.239276390694336,2.5,5.415713715458316
20.35,10,42.483134230194096,2.5,6.656607861465949
20.36,10,41.548151110285694,2.5,5.718358193858766
20.37,10,42.16629972967158,2.5,6.3329523410966075
20.38,10,41.120786628431155,2.5,5.2836110589219025
20.39,10,41.29470358926012,2.5,5.453439665733269
20.4,10,41.12372006572325,2.5,5.278120503339623
20.41,10,41.22407249298572,2.5,5.373902278640468
20.42,10,42.06016544469491,2.5,6.205201249976823
20.43,10,41.656075866301016,2.5,5.796105488512453
20.44,10,42.60012102805637,2.5,6.73494285795227
20.45,10,41.41188298042329,2.5,5.541305495392528
20.46,10,42.06219923294035,2.5,6.186040514413185
20.47,10,40.89316383389928,2.5,5.011251107822602
20.48,10,41.50113202660365,2.5,5.613301225881777
20.49,10,41.23588220958089,2.5,5.341977557432055
20.5,10,41.73113253912371,2.5,5.83100615235162
20.51,10,42.230638903218754,2.5,6.324150414448801
20.52,10,41.96765459857486,2.5,6.054670796546855
20.53,10,42.58403266514287,2.5,6.664427152198577
20.54,10,41.37225928230401,2.5,5.445912148246547
20.55,10,42.04172611495646,2.5,6.1085236264998315
20.56,10,40.91803206694181,2.5,4.977866372004515
20.57,10,41.8814568164349,2.5,5.934225662568992
20.58,10,41.51242360923161,2.5,5.558030075510924
20.59,10,42.316195589881076,2.5,6.354547831605465
20.6,10,42.417594056854895,2.5,6.448605062457864
20.61,10,42.28141539725976,2.5,6.305002756836266
20.62,10,42.45629809999474,2.5,6.472383784893481
20.63,10,41.420599981190634,2.5,5.429110134142437
20.64,10,42.05744103058691,2.5,6.058305765864857
20.65,10,41.12048171673651,2.5,5.113634929869282
20.66,10,42.367572989584886,2.5,6.352952176165449
20.67,10,41.88264706350025,2.5,5.860193146656388
20.68,10,42.900701774888645,2.5,6.870358941000552
20.69,10,42.564330106157485,2.5,6.526045648428296
20.7,10,42.53141580622087,2.5,6.485139975724907
20.71,10,42.35512381749267,2.5,6.300809681343783
20.72,10,41.58848129745438,2.5,5.526084603754782
20.73,10,42.19649586053322,2.5,6.1259749097773115
20.74,10,41.483447410136876,2.5,5.404762932762754
20.75,10,42.82230985757463,2.5,6.7354248973692705
20.76,10,42.192476048824844,2.5,6.09735585190214
20.77,10,43.21031892297398,2.5,7.106930832060806
20.78,10,42.416081408913584,2.5,6.30439476268878
20.79,10,42.59614225345461,2.5,6.47612829070026
20.8,10,42.08969070651209,2.5,5.9613224748464875
20.81,10,41.74813365161642,2.5,5.611385920590321
20.82,10,42.30602853313496,2.5,6.160877711481941
20.83,10,41.95067575883045,2.5,5.797099815673316
20.84,10,43.22194866053641,2.5,7.059927050359945
20.85,10,42.50092802882658,2.5,6.33044162003747
20.86,10,43.481247346786574,2.5,7.302278353688313
20.87,10,42.332200747810546,2.5,6.144732665830462
20.88,10,42.645426135896024,2.5,6.4494436799084545
20.89,10,41.929018973148146,2.5,5.724508018746727
20.9,10,42.09740943413356,2.5,5.88435696171098
20.91,10,42.49760873697433,2.5,6.276002778475009
20.92,10,42.42774781810298,2.5,6.197577406321949
20.93,10,43.46374990244146,2.5,7.225005022746949
20.94,10,42.67479749695093,2.5,6.427469041314888
20.95,10,43.45372338052896,2.5,7.197803103755729
20.96,10,42.145555419709986,2.5,5.881035897756968
20.97,10,42.72702916799343,2.5,6.4539037582851355
20.98,10,41.909954687840774,2.5,5.628217491480073
20.99,10,42.4945540007895,2.5,6.204199826575309
21.0,10,42.68072270327926,2.5,6.381747033444942
21.01,10,42.906872750026146,2.5,6.599271707615809
21.02,10,43.52104119303909,2.5,7.204811510843843
21.03,10,42.72668062725974,2.5,6.401819618239265
21.04,10,43.31929376829778,2.5,6.985799297415972
21.05,10,41.97690296546702,2.5,5.634773422874482
21.06,10,42.762828888902135,2.5,6.412063164400786
21.07,10,41.93488152043342,2.5,5.575478979162453
21.08,10,42.94873245746918,2.5,6.580692916753312
21.09,10,42.91185948327361,2.5,6.5351831905785
21.1,10,43.32649369845468,2.5,6.941181310396607
21.11,10,43.476647013551506,2.5,7.08269957591073
21.12,10,42.748359188751564,2.5,6.345778117441516
21.13,10,43.09562386553677,2.5,6.6844109284832065
21.14,10,41.95902223032521,2.5,5.5391795302121025
21.15,10,42.94569898842399,2.5,6.517228946264493
21.16,10,42.24723301701431,2.5,5.8101383565076805
21.17,10,43.539264908821366,2.5,7.09354864145772
21.18,10,43.131604011013195,2.5,6.677269421890913
21.19,10,43.669336536328615,2.5,7.206387170649961
21.2,10,43.29813210737012,2.5,6.82657175758298
21.21,10,42.79974041687626,2.5,6.31957311043075
21.22,10,42.97902531387598,2.5,6.490255301566596
21.23,10,42.16895433304771,2.5,5.6715860779137115
21.24,10,43.22276765750286,2.5,6.716805824258907
21.25,10,42.614881887367076,2.5,6.100331332340089
21.26,10,43.9450707777091,2.5,7.421936539256178
21.27,10,43.24194812143917,2.5,6.71023541082409
21.28,10,43.843549881248705,2.5,7.3032640739551535
21.29,10,43.105261787443844,2.5,6.556408414903915
21.3,10,42.89471401359746,2.5,6.337298755316271
21.31,10,42.86910299537532,2.5,6.3031316714323475
21.32,10,42.51132876489681,2.5,5.936807328806056
21.33,10,43.49954827110676,2.5,6.916482803018732
21.34,10,43.04509383126703,2.5,6.453490531496119
21.35,10,44.265281997515494,2.5,7.665147180376895
21.36,10,43.27826590569614,2.5,6.669605993638276
21.37,10,43.91385846288165,2.5,7.296679980898869
21.38,10,42.85369160211744,2.5,6.228001172430876
21.39,10,43.07793906557255,2.5,6.443743402564968
21.4,10,42.92452023412641,2.5,6.281826139520174
21.41,10,43.03284315072633,2.5,6.381657508992107
21.42,10,43.86849964750337,2.5,7.2088294214885185
21.43,10,43.49173517650212,2.5,6.82358740326868
21.44,10,44.437550699951345,2.5,7.760932486813224
21.45,10,43.28031741865911,2.5,6.595235939409331
21.46,10,43.90518928568157,2.5,7.211651777000258
21.47,10,42.725179142322474,2.5,6.023192900356528
21.48,10,43.36224792135556,2.5,6.651820298462956
21.49,10,43.07530734087677,2.5,6.356445742526211
21.5,10,43.591838272758324,2.5,6.864550154578058
21.51,10,44.10488679130753,2.5,7.369179656275286
21.52,10,43.83063075140409,2.5,7.0865121471718435
21.53,10,44.454399741538,2.5,7.70187725788524
21.54,10,43.237975759272224,2.5,6.477057025680891
21.55,10,43.862848194937975,2.5,7.093540878284495
21.56,10,42.74052941993591,2.5,5.962841222293069
21.57,10,43.697572505691774,2.5,6.911511162236849
21.58,10,43.290063318388675,2.5,6.49563659541138
21.59,10,44.07715423289949,2.5,7.274369925906144
21.6,10,44.19568394937327,2.5,7.384549881281435
21.61,10,44.04940043000045,2.5,7.2299244494206425
21.62,10,44.2800146950879,2.5,7.452204674687753
21.63,10,43.23055269326756,2.5,6.3944165282145065
21.64,10,43.87563962765401,2.5,7.031185234132975
21.65,10,42.874603185559806,2.5,6.021838499361978
21.66,10,44.08609505601948,2.5,7.2250280311992015
21.67,10,43.58889408779382,2.5,6.719532695389908
21.68,10,44.59052365028865,2.5,7.712875877107303
21.69,10,44.24816119165837,2.5,7.362235039114555
21.7,10,44.221437035260024,2.5,7.327240518274833
21.71,10,44.05798544980956,2.5,7.155526595760835
21.72,10,43.31305063075862,2.5,6.402337478481523
21.73,10,43.887394400179005,2.5,6.968434999015395
21.74,10,43.12721389670825,2.5,6.200016305601763
21.75,10,44.475254235978916,2.5,7.5398265226134145
21.76,10,43.85956590535262,2.5,6.915916145332641
21.77,10,44.9044815642837,2.5,7.952617840354369
21.78,10,44.06819055145187,2.5,7.10812095275614
21.79,10,44.20822736091774,2.5,7.239959982290086
21.8,10,43.69568846847328,2.5,6.719231409767426
21.81,10,43.39524714605665,2.5,6.410608511505487
21.82,10,43.96494650134933,2.5,6.972134398956244
21.83,10,43.61324955334176,2.5,6.612272094301155
21.84,10,44.86955284871169,2.5,7.860418146858102
21.85,10,44.15731111418728,2.5,7.140027285470434
21.86,10,45.12392947962855,2.5,8.098504641614916
21.87,10,43.994569391577706,2.5,6.961011662975209
21.88,10,44.34039163529885,2.5,7.298709135505739
21.89,10,43.612067921220735,2.5,6.562268769895422
21.9,10,43.76123699445028,2.5,6.70332931110313
21.91,10,44.150909890663094,2.5,7.084901794267433
21.92,10,44.111632094185985,2.5,7.037531702808254
21.93,10,45.12425318283824,2.5,8.042068613286377
21.94,10,44.30302400256344,2.5,7.2127633700524685
21.95,10,45.141262693094475,2.5,8.04293411092825
21.96,10,43.812771504861495,2.5,6.7063830841303975
21.97,10,44.389475473688854,2.5,7.275035322982
21.98,10,43.60229013102245,2.5,6.479806356154452
21.99,10,44.24652541824141,2.5,7.116006121992001
22.0,10,44.45533417003341,2.5,7.316787451900622
22.01,10,44.65597372036645,2.5,7.509407676331444
22.02,10,45.30616936075697,2.5,8.151592083060812
22.03,10,44.49298230916166,2.5,7.330401886092999
22.04,10,45.0742280777405,2.5,7.903652593433979
22.05,10,43.746394420370535,2.5,6.567831954614875
22.06,10,44.55222558161024,2.5,7.365684209666488
22.07,10,43.7642329103683,2.5,6.56972070279647
22.08,10,44.75831022158008,2.5,7.555835244075037
22.09,10,44.659495038481566,2.5,7.449065351716784
22.1,10,45.08202716490033,2.5,7.863650824379902
22.11,10,45.221245244199594,2.5,7.994930300117153
22.12,10,44.49997691133553,2.5,7.265731408440882
22.13,10,44.841100707695766,2.5,7.598932685167876
22.14,10,43.716177433991675,2.5,6.466094925318508
22.15,10,44.69365194671709,2.5,7.435662979581117
22.16,10,43.99005360967019,2.5,6.724166205840169
22.17,10,45.28503365748016,2.5,8.011255832708379
22.18,10,44.920184558113824,2.5,7.638524322038266
22.19,10,45.44967642902214,2.5,8.160141785074366
22.2,10,45.1010392893819,2.5,7.803638234699468
22.21,10,44.6084575690477,2.5,7.3031980943907495
22.22,10,44.755736608142364,2.5,7.442626697815267
22.23,10,43.96447816283893,2.5,6.643525794615582
22.24,10,45.011540690824035,2.5,7.682753835877279
22.25,10,44.39704237532956,2.5,7.0604289981644035
22.26,10,45.70154856780109,2.5,8.357116626191594
22.27,10,44.99167414757216,2.5,7.639431592501203
22.28,10,45.57071314405034,2.5,8.210667919653533
22.29,10,44.818230508187135,2.5,7.4503905516990665
22.3,10,44.6330185763807,2.5,7.257391818084408
22.31,10,44.60152496461858,2.5,7.218119327797915
22.32,10,44.23169577457911,2.5,6.840519175473558
22.33,10,45.21127486083263,2.5,7.812335208594981
22.34,10,44.69571865852322,2.5,7.289023855179184
22.35,10,45.90223390259589,2.5,8.4877918430064
22.36,10,44.95785475898184,2.5,7.5356733308077155
22.37,10,45.59999048809178,2.5,8.170077571759828
22.38,10,44.51949974239714,2.5,7.081863211068751
22.39,10,44.709689545366984,2.5,7.264337264908568
22.4,10,44.54060334278312,2.5,7.087543171738269
22.41,10,44.64375046715514,2.5,7.182990256718357
22.42,10,45.480468125640336,2.5,8.012015719632705
22.43,10,45.08188868036863,2.5,7.6057519152147455
22.44,10,46.078459246395944,2.5,8.594645951102539
22.45,10,44.903101280287125,2.5,7.411619276423074
22.46,10,45.5292837496368,2.5,8.030140851314302
22.47,10,44.336648756103166,2.5,6.829852769960253
22.48,10,44.93778921898078,2.5,7.423347944165345
22.49,10,44.66561727748992,2.5,7.143538505644485
22.5,10,45.147089343236026,2.5,7.617380858483688
22.51,10,45.691253700399095,2.5,8.15392327933082
22.52,10,45.417530771325104,2.5,7.872586182987693
22.53,10,46.00708433746419,2.5,8.454533343349286
22.54,10,44.829661863816256,2.5,7.269512217850324
22.55,10,45.47485446855659,2.5,7.907113917091897
22.56,10,44.31111768625241,2.5,6.735793968058295
22.57,10,45.25961699570208,2.5,7.676717841957475
22.58,10,44.883955933600745,2.5,7.293489067887465
22.59,10,45.72593376782999,2.5,8.127906906126443
22.6,10,45.80711516633233,2.5,8.201536017007987
22.61,10,45.67831622165948,2.5,8.065192485470053
22.62,10,45.909583502767994,2.5,8.288922872851272
22.63,10,44.871477953624186,2.5,7.243288115496366
22.64,10,45.47904160450021,2.5,7.843330236052564
22.65,10,44.4743887503124,2.5,6.8311635218090725
22.66,10,45.73037505403417,2.5,8.079643628109705
22.67,10,45.2359656785389,2.5,7.577735710196779
22.68,10,46.230438686693695,2.5,8.564717823305237
22.69,10,45.867741713246176,2.5,8.194537594549818
22.7,10,45.81072103269396,2.5,8.13004129079471
22.71,10,45.611599046395135,2.5,7.923451305764796
22.72,10,44.83388077512594,2.5,7.138272652603612
22.73,10,45.42114954532119,2.5,7.71808865011387
22.74,10,44.699063362944244,2.5,6.988557296628059
22.75,10,46.018896292596615,2.5,8.300952649118143
22.76,10,45.3965642487422,2.5,7.6711906144204915
22.77,10,46.46565239379991,2.5,8.732856347327994
22.78,10,45.664998281651066,2.5,7.92478739409869
22.79,10,45.80069849104987,2.5,8.053080325865986
22.8,10,45.30351266732176,2.5,7.548494780337244
22.81,10,44.977280591707675,2.5,7.214870531138243
22.82,10,45.523043074476206,2.5,7.753248380925824
22.83,10,45.152899462820855,2.5,7.375727669285345
22.84,10,46.43241109660987,2.5,8.647869728480282
22.85,10,45.70196616647757,2.5,7.91006274154426
22.86,10,46.69284134410926,2.5,8.89358337256584
22.87,10,45.56275608380201,2.5,7.75615106824969
22.88,10,45.93571314143438,2.5,8.121768576886158
22.89,10,45.24802196230851,2.5,7.426745336193794
22.9,10,45.4074705146884,2.5,7.57886930685793
22.91,10,45.82297181470026,2.5,7.987053497430505
22.92,10,45.784317866784086,2.5,7.941089904782578
22.93,10,46.81964827756158,2.5,8.96911812797179
22.94,10,46.02848200970631,2.5,8.170657122112948
22.95,10,46.81726453755678,2.5,8.952152353991165
22.96,10,45.511937942216804,2.5,7.639545897162255
22.97,10,46.103939978430404,2.5,8.224275498827621
22.98,10,45.31395942991233,2.5,7.427029935165371
22.99,10,45.91004486500302,2.5,8.015857766984672
23.0,10,46.09408119376457,2.5,8.192643896822423
23.01,10,46.28413541939616,2.5,8.375455320358377
23.02,10,46.89837849366205,2.5,8.982462981843472
23.03,10,46.08149272261029,2.5,8.158349179818215
23.04,10,46.680330665423206,2.5,8.749966465963867
23.05,10,45.380055244858646,2.5,7.442477755543118
23.06,10,46.16943784097234,2.5,8.224654421123057
23.07,10,45.35308200999868,2.5,7.401100011455438
23.08,10,46.30945914983598,2.5,8.350285916962552
23.09,10,46.232710890405635,2.5,8.266353760096147
23.1,10,46.66500390532866,2.5,8.691470207014051
23.11,10,46.81046260581918,2.5,8.829759661473679
23.12,10,46.119351049950666,2.5,8.131486174098388
23.13,10,46.45371303688867,2.5,8.458693536610175
23.14,10,45.31989666980789,2.5,7.317729844747123
23.15,10,46.24878878143978,2.5,8.239481923810393
23.16,10,45.54243659881057,2.5,7.525996993402778
23.17,10,46.76528875173327,2.5,8.741723675920728
23.18,10,46.39123794412967,2.5,8.360554667876205
23.19,10,46.92387246925811,2.5,8.886078255124339
23.2,10,46.573267721889096,2.5,8.528369825039666
23.21,10,46.07303164938043,2.5,8.021037317590569
23.22,10,46.20616348057606,2.5,8.147079954238617
23.23,10,45.419572906487346,2.5,7.353407418619785
23.24,10,46.46704819498302,2.5,8.39380797123415
23.25,10,45.83099220105555,2.5,7.750684459712678
23.26,10,47.18140813611999,2.5,9.094040088115811
23.27,10,46.49047537781735,2.5,8.396054226737137
23.28,10,47.08026276483019,2.5,8.978795706918621
23.29,10,46.35635067678133,2.5,8.247844900949598
23.3,10,46.15342145631073,2.5,8.037884144143515
23.31,10,46.13929219056995,2.5,8.016730516332615
23.32,10,45.82893136846579,2.5,7.699352499111481
23.33,10,46.8286092459872,2.5,8.692020341163623
23.34,10,46.31586810398901,2.5,8.172276316045968
23.35,10,47.516919434006184,2.5,9.366331908002445
23.36,10,46.51432740411499,2.5,8.356751277825456
23.37,10,47.16154536993931,2.5,8.996987773862067
23.38,10,46.10651500364203,2.5,7.934983061005585
23.39,10,46.31005191435181,2.5,8.131552741122208
23.4,10,46.114290756484685,2.5,7.928831461372579
23.41,10,46.195674774466845,2.5,8.003262458934826
23.42,10,47.0114988746835,2.5,8.81214063295305
23.43,10,46.65160970130436,2.5,8.445312620363126
23.44,10,47.578801135525474,2.5,9.365572295134426
23.45,10,46.42874242130065,2.5,8.208588894001114
23.46,10,47.06351479577092,2.5,8.836443646892054
23.47,10,45.84229677919837,2.5,7.6083150668640975
23.48,10,46.4527138700207,2.5,8.211828645156823
23.49,10,46.176677916779774,2.5,7.928896223121284
23.5,10,46.68611839370593,2.5,8.431447267804318
23.51,10,47.214773397928454,2.5,8.953219869158575
23.52,10,46.92528234840773,2.5,8.6568534389751
23.53,10,47.526863269072685,2.5,9.25156599402085
23.54,10,46.37628021351698,2.5,8.094121580734386
23.55,10,47.005250968678595,2.5,8.716237978905971
23.56,10,45.893868432587304,2.5,7.598008079424611
23.57,10,46.853579205037676,2.5,8.550878474951713
23.58,10,46.50068984414632,2.5,8.191155716477441
23.59,10,47.3218164063447,2.5,9.005455853314164
23.6,10,47.422930257562214,2.5,9.099750244279447
23.61,10,47.22614145807272,2.5,8.896148942542172
23.62,10,47.40004151652399,2.5,9.063243449652708
23.63,10,46.34299990501783,2.5,7.999403230622335
23.64,10,46.984012548716905,2.5,8.633624203530314
23.65,10,45.9941570275876,2.5,7.636983941266978
23.66,10,47.210074918306475,2.5,8.846124013439757
23.67,10,46.72311822220216,2.5,8.35239641431555
23.68,10,47.72637183502361,2.5,9.348886032588608
23.69,10,47.35843439595526,2.5,8.974191500395605
23.7,10,47.3377648904001,2.5,8.946771796099137
23.71,10,47.16687802273726,2.5,8.769141617045038
23.72,10,46.42718279994917,2.5,8.022709963189532
23.73,10,46.99818554165878,2.5,8.586983147136436
23.74,10,46.27364760997264,2.5,7.855722523980326
23.75,10,47.5895611728663,2.5,9.164920254691767
23.76,10,46.97861460864247,2.5,8.547264710575796
23.77,10,48.016632483924056,2.5,9.57858045126473
23.78,10,47.21143924915402,2.5,8.766691920217689
23.79,10,47.37271062742552,2.5,8.921274833551523
23.8,10,46.85500506242776,2.5,8.396887627985961
23.81,10,46.5417711464035,2.5,8.076978888801438
23.82,10,47.07014302333457,2.5,8.598682753024429
23.83,10,46.679347791183886,2.5,8.201226311669696
23.84,10,47.955409511985685,2.5,9.47063361983027
23.85,10,47.2003200641867,2.5,8.708896549018819
23.86,10,48.149768955078876,2.5,9.651704599600325
23.87,10,47.03037898606651,2.5,8.52568056605897
23.88,10,47.35416183365131,2.5,8.842836117983511
23.89,10,46.63962594805815,2.5,8.12167969869283
23.9,10,46.82124262857187,2.5,8.296682600572924
23.91,10,47.22378504957048,2.5,8.692617991109836
23.92,10,47.15949187279046,2.5,8.621724525155159
23.93,10,48.18202604406562,2.5,9.637665141664879
23.94,10,47.38440308838492,2.5,8.833455358756998
23.95,10,48.207169753264594,2.5,9.649641917083768
23.96,10,46.861822143721014,2.5,8.297720914804891
23.97,10,47.443043672885686,2.5,8.872375758201793
23.98,10,46.67090716489784,2.5,8.093679264570651
23.99,10,47.2795224885786,2.5,8.695741295896761
24.0,10,47.49587122477639,2.5,8.905543426199506
24.01,10,47.68210485232673,2.5,9.085237127492325
24.02,10,48.26253778524904,2.5,9.659136806979408
24.03,10,47.45028950227271,2.5,8.840361936582
24.04,10,48.00611926266127,2.5,9.389671768762465
24.05,10,46.69053055757766,2.5,8.06756978788936
24.06,10,47.4847090730775,2.5,8.855241673230827
24.07,10,46.744610287072625,2.5,8.108642895918411
24.08,10,47.73315119447578,2.5,9.090690444091186
24.09,10,47.6372481055704,2.5,8.98830062126584
24.1,10,48.01739257065777,2.5,9.36196497098396
24.11,10,48.14110779849133,2.5,9.479206695246116
24.12,10,47.462697828050864,2.5,8.794329826286049
24.13,10,47.83317837839423,2.5,9.158350076422412
24.14,10,46.70015105372336,2.5,8.018869043125106
24.15,10,47.65422689562228,2.5,8.9664977612525
24.16,10,46.919417842851246,2.5,8.225248162846446
24.17,10,48.202595493001276,2.5,9.501991838786218
24.18,10,47.81103580842447,2.5,9.10400474471912
24.19,10,48.378905762233664,2.5,9.665453847059988
24.2,10,48.011386876958944,2.5,9.2915206616476
24.21,10,47.504021212842545,2.5,8.777747242039872
24.22,10,47.665445057239644,2.5,8.932769868914557
24.23,10,46.88256844362916,2.5,8.143498569079668
24.24,10,47.9455350047394,2.5,9.20007696859971
24.25,10,47.32084094928753,2.5,8.569001269534583
24.26,10,48.662115062483785,2.5,9.903900250444206
24.27,10,47.9344142331614,2.5,9.16983079351836
24.28,10,48.53785397373875,2.5,9.766908404538443
24.29,10,47.73399590846042,2.5,8.956694701119071
24.3,10,47.52921559328548,2.5,8.745565232596181
24.31,10,47.52245273792563,2.5,8.732459702064753
24.32,10,47.159569869144704,2.5,8.363240629678943
24.33,10,48.15155038815414,2.5,9.348891410047221
24.34,10,47.604727292700765,2.5,8.79574503431996
24.35,10,48.81991203802838,2.5,10.00461295115161
24.36,10,47.82073289175709,2.5,8.999123421579375
24.37,10,48.46432963067273,2.5,9.63641621581287
24.38,10,47.42249577833453,2.5,8.58828485084194
24.39,10,47.60143718694524,2.5,8.760935172306677
24.4,10,47.434011192271804,2.5,8.587224509418025
24.41,10,47.54044629378129,2.5,8.68738135509361
24.42,10,48.384158541458994,2.5,9.524821752776075
24.43,10,48.011437162311665,2.5,9.1458349229363
24.44,10,48.97845020804917,2.5,10.106588910754743
24.45,10,47.81835902996586,2.5,8.940245061003196
24.46,10,48.46546981649633,2.5,9.581109555600115
24.47,10,47.2569910716745,2.5,8.366390892070196
24.48,10,47.836438154749295,2.5,8.9396044231595
24.49,10,47.54353597546577,2.5,8.64047505211718
24.5,10,48.0976366297175,2.5,9.188354868347286
24.51,10,48.627571878844655,2.5,9.712075626707154
24.52,10,48.35921886198674,2.5,9.43751445986007
24.53,10,48.936023610627686,2.5,10.008117392820306
24.54,10,47.750058526569525,2.5,8.815956820926989
24.55,10,48.38533503870001,2.5,9.445044166611304
24.56,10,47.231769082776836,2.5,8.285295359181246
24.57,10,48.19027301600541,2.5,9.237622749399009
24.58,10,47.82076197698778,2.5,8.861941469429755
24.59,10,48.66727037609621,2.5,9.702285923215893
24.6,10,48.74365583753237,2.5,9.772513728535307
24.61,10,48.574829788034975,2.5,9.597536305709825
24.62,10,48.78239942382911,2.5,9.798960844554065
24.63,10,47.726933257714684,2.5,8.737355851464072
24.64,10,48.319067937010836,2.5,9.323357967361654
24.65,10,47.319130374229296,2.5,8.317294098367533
24.66,10,48.51963048850467,2.5,9.511674157231964
24.67,10,48.021161027135136,2.5,9.00709088487551
24.68,10,49.053047856732285,2.5,10.032870141538337
24.69,10,48.667544705077205,2.5,9.641265648636734
24.7,10,48.61477028578177,2.5,9.58239611342426
24.71,10,48.424331257583155,2.5,9.385868188286222
24.72,10,47.6608592325916,2.5,8.616313478987571
24.73,10,48.28646060821316,2.5,9.23583837659546
24.74,10,47.57455789917574,2.5,8.517865389505422
24.75,10,48.91320473236908,2.5,9.850448138281193
24.76,10,48.330400697580444,2.5,9.261586206390566
24.77,10,49.36444516039097,2.5,10.289578953101683
24.78,10,48.5569001677418,2.5,9.475988419048948
24.79,10,48.67119025541565,2.5,9.584239133715053
24.8,10,48.206134438685844,2.5,9.11315010607952
24.81,10,47.88480906774812,2.5,8.785797680050786
24.82,10,48.40853594888565,2.5,9.30350365563103
24.83,10,48.02416426264438,2.5,8.913117207091874
24.84,10,49.29065130025587,2.5,10.173595619396568
24.85,10,48.5523403936245,2.5,9.429282218187995
24.86,10,49.55046692378679,2.5,10.421412378247318
24.87,10,48.42012054277801,2.5,9.28507574536076
24.88,10,48.74469761433475,2.5,9.603668677022448
24.89,10,48.03724380019214,2.5,8.890236828731382
24.9,10,48.194621080578784,2.5,9.041642174486224
24.91,10,48.59869608163391,2.5,9.439751334202745
24.92,10,48.50952633787233,2.5,9.34462183617876
24.93,10,49.50549137511349,2.5,10.334633200022825
24.94,10,48.72159131393511,2.5,9.544785540108286
24.95,10,49.52603928232421,2.5,10.34329197822413
24.96,10,48.24952505523562,2.5,9.06084228313321
24.97,10,48.81009440905232,2.5,9.615482225033228
24.98,10,48.015007977573724,2.5,8.814472431544319
24.99,10,48.635188104896116,2.5,9.428735240590013
25.0,10,48.84297691573395,0.0,9.630612770718125
25.01,10,49.01946451607625,0.0,9.752055955090809
25.02,10,49.613086564810416,0.0,10.292307007531406
25.03,10,48.807466038320435,0.0,9.434909893322562
25.04,10,49.41645414828078,0.0,9.993640588712653
25.05,10,48.11200631299467,0.0,8.640382871780872
25.06,10,48.8993763484626,0.0,9.380322341658495
25.07,10,48.116260798516265,0.0,8.55109058502998
25.08,10,49.111478127565185,0.0,9.501444213068492
25.09,10,49.01795181117366,0.0,9.364247803648922
25.1,10,49.41861930395189,0.0,9.72238272796754
25.11,10,49.55790682033836,0.0,9.820221796804512
25.12,10,48.810624417844096,0.0,9.032524215679434
25.13,10,49.12859456968413,0.0,9.311064035515233
25.14,10,47.97644566675027,0.0,8.12042353847516
25.15,10,48.96319511468891,0.0,9.06957622445388
25.16,10,48.25545776797512,0.0,8.325095139852746
25.17,10,49.49672447943557,0.0,9.530431326835766
25.18,10,49.107701788043045,0.0,9.1062534156506
25.19,10,49.633836262488195,0.0,9.597971877289964
25.2,10,49.31233167801144,0.0,9.242756113758935
25.21,10,48.817784343246984,0.0,8.715169702491572
25.22,10,48.95377366081834,0.0,8.818760878460017
25.23,10,48.12208269782737,0.0,7.955283029927271
25.24,10,49.168785492865965,0.0,8.970781934296264
25.25,10,48.541258893517615,0.0,8.312607527849906
25.26,10,49.858076934694374,0.0,9.599308219564653
25.27,10,49.12335712460158,0.0,8.834977115637702
25.28,10,49.75823723003698,0.0,9.440728746283332
25.29,10,48.976662326369514,0.0,8.630486060007044
25.3,10,48.796444994759106,0.0,8.422040567781929
25.31,10,48.77995538958142,0.0,8.377742359966614
25.32,10,48.414227741589315,0.0,7.984606561373022
25.33,10,49.382620775361815,0.0,8.925973702921201
25.34,10,48.86613437490286,0.0,8.382826343632814
25.35,10,50.09185606898708,0.0,9.582235514455554
25.36,10,49.09912120951879,0.0,8.563520857085896
25.37,10,49.69836003747266,0.0,9.13709765226284
25.38,10,48.628674370819624,0.0,8.042053471847208
25.39,10,48.84359504000906,0.0,8.231905580169677
25.4,10,48.69194013075889,0.0,8.055459144318757
25.41,10,48.761848540779134,0.0,8.100840759916332
25.42,10,49.57097243504862,0.0,8.885690876924476
25.43,10,49.18326832040368,0.0,8.473954846174037
25.44,10,50.162906993524665,0.0,9.429792840631505
25.45,10,49.02158742822897,0.0,8.2648937172501
25.46,10,49.660199694473654,0.0,8.880137911745988
25.47,10,48.497904941744295,0.0,7.694677398919443
25.48,10,49.10519271892361,0.0,8.27899299055808
25.49,10,48.82532649694404,0.0,7.976339837173277
25.5,10,49.34355745565202,0.0,8.471961194949515
25.51,10,49.855185087350705,0.0,8.961149010322693
25.52,10,49.55570876575205,0.0,8.639395470875158
25.53,10,50.137710451966484,0.0,9.199275694131172
25.54,10,48.95726931620015,0.0,7.99686233288151
25.55,10,49.550997164323434,0.0,8.568760986162694
25.56,10,48.385513811443225,0.0,7.381585557984102
25.57,10,49.33037762455772,0.0,8.304888785848327
25.58,10,48.89785877653685,0.0,7.850935481271691
25.59,10,49.75965092443442,0.0,8.691414195280691
25.6,10,49.847304759634945,0.0,8.757870756355317
25.61,10,49.704870666557504,0.0,8.594350917512635
25.62,10,49.91239700142341,0.0,8.78089862401002
25.63,10,48.84563533867361,0.0,7.693261249226459
25.64,10,49.472266331532,0.0,8.299115445193923
25.65,10,48.48937018332329,0.0,7.295537604362299
25.66,10,49.729164779396655,0.0,8.514741982427328
25.67,10,49.197935146910005,0.0,7.963010149453001
25.68,10,50.217436104624156,0.0,8.96209363141919
25.69,10,49.847240352115385,0.0,8.571561991580545
25.7,10,49.81446454633782,0.0,8.518528899551475
25.71,10,49.617582313874244,0.0,8.301465136436555
25.72,10,48.87162077651216,0.0,7.53539511362678
25.73,10,49.451289776695646,0.0,8.095026091795496
25.74,10,48.69919783166345,0.0,7.322964128889128
25.75,10,50.04591822335566,0.0,8.649780164180646
25.76,10,49.44199154666542,0.0,8.026012560947569
25.77,10,50.49244325209889,0.0,9.056684643824326
25.78,10,49.6963470443214,0.0,8.24086809229555
25.79,10,49.816218164407296,0.0,8.341076218133244
25.8,10,49.31306991588464,0.0,7.818320486859998
25.81,10,48.96661981294963,0.0,7.452316661599979
25.82,10,49.53387042718622,0.0,8.000065645644739
25.83,10,49.12380832522508,0.0,7.570552416155695
25.84,10,50.39422519818314,0.0,8.821567149837177
25.85,10,49.69944115955289,0.0,8.107428517239152
25.86,10,50.701110003307704,0.0,9.089788937447194
25.87,10,49.59427686017621,0.0,7.96369223110452
25.88,10,49.90080791142488,0.0,8.25100333109842
25.89,10,49.17307626004602,0.0,7.504094150799466
25.9,10,49.3519209907271,0.0,7.663802641223354
25.91,10,49.72727308983938,0.0,8.020058708345816
25.92,10,49.62354819966614,0.0,7.8972769647853935
25.93,10,50.66037343846157,0.0,8.915083547438673
25.94,10,49.838999020308016,0.0,8.074727735028619
25.95,10,50.60362803365052,0.0,8.820411724442263
25.96,10,49.222744996921925,0.0,7.420619184262339
25.97,10,49.78628441375854,0.0,7.9652838079907635
25.98,10,49.01887813110041,0.0,7.179036670251258
25.99,10,49.658732298699924,0.0,7.800083184491026
26.0,10,49.843902069712506,0.0,7.966477801851396
26.01,10,50.00866602306326,0.0,8.112498431896169
26.02,10,50.632639981253995,0.0,8.717760258858686
26.03,10,49.836221850943886,0.0,7.902660580737204
26.04,10,50.39729573077398,0.0,8.445082915705221
26.05,10,49.09615553722718,0.0,7.125320626624905
26.06,10,49.87862707057302,0.0,7.889198985708976
26.07,10,49.048335283371344,0.0,7.040342441803917
26.08,10,50.05503583046129,0.0,8.028506169216035
26.09,10,49.97603397229862,0.0,7.930994969941845
26.1,10,50.367024061905504,0.0,8.30350275956328
26.11,10,50.502285227924546,0.0,8.420308249298547
26.12,10,49.795781809306035,0.0,7.6953753797328925
26.13,10,50.137419211914334,0.0,8.018609176515495
26.14,10,49.00578769341968,0.0,6.868599534384115
26.15,10,49.9791808017075,0.0,7.823639654749414
26.16,10,49.251293002349,0.0,7.0774236723799335
26.17,10,50.513062504694865,0.0,8.320889480747477
26.18,10,50.160760897979614,0.0,7.9503083674189625
26.19,10,50.71271070888312,0.0,8.48400257093948
26.2,10,50.36582132659872,0.0,8.118881205254723
26.21,10,49.85235777048062,0.0,7.587209026743082
26.22,10,49.98741528402723,0.0,7.704081027613367
26.23,10,49.213169370616484,0.0,6.911672471082605
26.24,10,50.27950089371825,0.0,7.959863991056816
26.25,10,49.66536551978111,0.0,7.327611034513055
26.26,10,51.00083363051148,0.0,8.644983773296367
26.27,10,50.28307348596946,0.0,7.909150266757229
26.28,10,50.86034146061421,0.0,8.468366697360633
26.29,10,50.11812233845819,0.0,7.708117665424563
26.3,10,49.92201716136875,0.0,7.494004037025527
26.31,10,49.8665014709378,0.0,7.420501185491814
26.32,10,49.528002985194625,0.0,7.064036667756764
26.33,10,50.54573964714459,0.0,8.06382827255636
26.34,10,50.04583706820386,0.0,7.546001463538138
26.35,10,51.25150938487817,0.0,8.73377023563027
26.36,10,50.24916087058859,0.0,7.7135387265722235
26.37,10,50.87135684442749,0.0,8.317872125389968
26.38,10,49.797407512790315,0.0,7.226080513760034
26.39,10,49.9986684710482,0.0,7.409519367427458
26.4,10,49.84133853942226,0.0,7.234387391837567
26.41,10,49.93165287217414,0.0,7.306919631095682
26.42,10,50.77323353123647,0.0,8.130738041377262
26.43,10,50.409749452301085,0.0,7.749511456807252
26.44,10,51.38892278986356,0.0,8.710961934304851
26.45,10,50.19584153178068,0.0,7.500177367951132
26.46,10,50.81189084547688,0.0,8.09854283501499
26.47,10,49.625393027439124,0.0,6.894380545275412
26.48,10,50.2196726110382,0.0,7.471014948679272
26.49,10,49.957639407182,0.0,7.191355775838302
26.5,10,50.45542582364762,0.0,7.671535357212552
26.51,10,50.94647614676907,0.0,8.144997904656728
26.52,10,50.65747396016607,0.0,7.838426930014047
26.53,10,51.237432620340876,0.0,8.400835720584858
26.54,10,50.045189545868574,0.0,7.1910616281945945
26.55,10,50.65780321258275,0.0,7.786163064263376
26.56,10,49.50674214462262,0.0,6.6176084907420964
26.57,10,50.46743609873473,0.0,7.560827604308821
26.58,10,50.06027504874202,0.0,7.136210320737055
26.59,10,50.922679219284724,0.0,7.981176808541651
26.6,10,51.01795917959115,0.0,8.059037582657574
26.61,10,50.85117353875413,0.0,7.874851199630545
26.62,10,51.064823477863804,0.0,8.071118789666693
26.63,10,49.99652216853844,0.0,6.9854534750848485
26.64,10,50.6261900726797,0.0,7.597775669997123
26.65,10,49.65809321908178,0.0,6.612351356846334
26.66,10,50.88764285678255,0.0,7.824591739689781
26.67,10,50.372690296833376,0.0,7.292348085903951
26.68,10,51.36238627312427,0.0,8.264771086948432
26.69,10,50.99128543831344,0.0,7.876415354236663
26.7,10,50.971608944540854,0.0,7.839501999793823
26.71,10,50.77568366507424,0.0,7.626357857849367
26.72,10,49.98717143964989,0.0,6.820644730127869
26.73,10,50.562826469039436,0.0,7.379116780366696
26.74,10,49.841170988567136,0.0,6.640296207788183
26.75,10,51.17014161167165,0.0,7.95211959061754
26.76,10,50.56029013801471,0.0,7.325138694149479
26.77,10,51.61557207796241,0.0,8.363308995190486
26.78,10,50.82511250074899,0.0,7.555755530184299
26.79,10,50.93771820338613,0.0,7.651285064085932
26.8,10,50.440572950089035,0.0,7.137081329752995
26.81,10,50.10335748690955,0.0,6.782825042546406
26.82,10,50.666491798909355,0.0,7.328936157472513
26.83,10,50.28719369353188,0.0,6.9326324525259135
26.84,10,51.52197128515702,0.0,8.150422013215326
26.85,10,50.77981136633518,0.0,7.391291603771355
26.86,10,51.74469061901177,0.0,8.339217878345309
26.87,10,50.61843023535081,0.0,7.19602200180851
26.88,10,50.91044563119071,0.0,7.4711193631851645
26.89,10,50.2107946346448,0.0,6.7545677642304796
26.9,10,50.33426422363066,0.0,6.861154156939339
26.91,10,50.731196315673834,0.0,7.24122043333002
26.92,10,50.65739679935764,0.0,7.150572456874788
26.93,10,51.66602662885285,0.0,8.14237115701169
26.94,10,50.887400483385726,0.0,7.346931188595269
26.95,10,51.69200456439934,0.0,8.134738729041436
26.96,10,50.35363465090293,0.0,6.7795895336611665
26.97,10,50.93448346581443,0.0,7.343676301988412
26.98,10,50.12302902762142,0.0,6.515477029426353
26.99,10,50.72074642873422,0.0,7.09646678558743
27.0,10,50.93847956380616,0.0,7.297489442600795
27.01,10,51.09973908309137,0.0,7.442055628457391
27.02,10,51.739231556751776,0.0,8.064871891305835
27.03,10,50.89445813703241,0.0,7.203439361616229
27.04,10,51.4566177463793,0.0,7.748956940287569
27.05,10,50.0990756124763,0.0,6.374789833674999
27.06,10,50.871455916402226,0.0,7.1305622017363275
27.07,10,50.05924822452302,0.0,6.301763589916065
27.08,10,51.0567878613338,0.0,7.28272930197826
27.09,10,50.97827778446619,0.0,7.187662275005688
27.1,10,51.387317647413425,0.0,7.5801621421170395
27.11,10,51.52621491941263,0.0,7.702536352341709
27.12,10,50.80525072929217,0.0,6.965066014460007
27.13,10,51.156947991882234,0.0,7.300274023407004
27.14,10,50.025104209468694,0.0,6.15195786171958
27.15,10,50.9913523213386,0.0,7.1017504490762295
27.16,10,50.270440994017484,0.0,6.364400432528283
27.17,10,51.52679775521918,0.0,7.604335320443685
27.18,10,51.15042323017209,0.0,7.211555718828815
27.19,10,51.680746408436846,0.0,7.725490598140246
27.2,10,51.3480293400187,0.0,7.376401989392814
27.21,10,50.82827803631406,0.0,6.84029588510126
27.22,10,50.97079444506584,0.0,6.966474214231336
27.23,10,50.162829717173004,0.0,6.142188109005115
27.24,10,51.18950512426863,0.0,7.152558822475187
27.25,10,50.565843314141,0.0,6.512608983941649
27.26,10,51.882154831063254,0.0,7.812649119278538
27.27,10,51.19285345123745,0.0,7.1070929863742425
27.28,10,51.804361443704344,0.0,7.702362836038042
27.29,10,51.0531867571793,0.0,6.934966598832868
27.3,10,50.87804353600908,0.0,6.743618401029114
27.31,10,50.85460222292875,0.0,6.703988667358782
27.32,10,50.52635103395539,0.0,6.359565595906507
27.33,10,51.54968087712646,0.0,7.366740076845342
27.34,10,51.01062705077835,0.0,6.811547390712652
27.35,10,52.2428250043494,0.0,8.027622969211201
27.36,10,51.27767790402119,0.0,7.046369960847802
27.37,10,51.84452326867772,0.0,7.597125866890777
27.38,10,50.81786699155171,0.0,6.554396563013896
27.39,10,51.01326973479713,0.0,6.733742693867338
27.4,10,50.875507015681265,0.0,6.579939759267572
27.41,10,50.947074312064146,0.0,6.6354832196751925
27.42,10,51.742469517398625,0.0,7.414870951193447
27.43,10,51.34827943827785,0.0,7.00468974311414
27.44,10,52.28059867931273,0.0,7.9210341827932655
27.45,10,51.062744666601596,0.0,6.6872216791195855
27.46,10,51.69508339839911,0.0,7.303618213182084
27.47,10,50.530812990835614,0.0,6.123421883987918
27.48,10,51.094733578300605,0.0,6.671432808844781
27.49,10,50.80017847970975,0.0,6.36098428962649
27.5,10,51.27978414304562,0.0,6.8247127573129776
27.51,10,51.771838739166846,0.0,7.30090636579822
27.52,10,51.4829370352302,0.0,6.996159865310893
27.53,10,52.117378420399206,0.0,7.614772628122761
27.54,10,50.9385848671026,0.0,6.420166609805538
27.55,10,51.58160347291966,0.0,7.047388891115819
27.56,10,50.42275296168522,0.0,5.872758179098832
27.57,10,51.37011213377124,0.0,6.804353257369548
27.58,10,50.97495253630379,0.0,6.393445656328581
27.59,10,51.77683569827554,0.0,7.179596888274402
27.6,10,51.84714363178789,0.0,7.234188948644209
27.61,10,51.686287195483224,0.0,7.0576326794460265
27.62,10,51.84200104321909,0.0,7.197662717931853
27.63,10,50.78896814419137,0.0,6.128962016720418
27.64,10,51.44255315563939,0.0,6.766895216501802
27.65,10,50.45526299183508,0.0,5.763969215025959
27.66,10,51.70483480466174,0.0,6.997921147680845
27.67,10,51.22765901522195,0.0,6.505141419099921
27.68,10,52.216779241263424,0.0,7.4786736305876715
27.69,10,51.841650689975246,0.0,7.0879729729150736
27.7,10,51.85675854632861,0.0,7.087524614660149
27.71,10,51.68695075425742,0.0,6.902176483388227
27.72,10,50.91867646189522,0.0,6.118377710888099
27.73,10,51.53697667098732,0.0,6.721169282584171
27.74,10,50.80983023325503,0.0,5.978530033900158
27.75,10,52.146216107647334,0.0,7.299438907510504
27.76,10,51.50756956298909,0.0,6.64533115598788
27.77,10,52.57387247813072,0.0,7.6961886419531425
27.78,10,51.74489608750228,0.0,6.851782583628739
27.79,10,51.86271818674755,0.0,6.954190760472727
27.8,10,51.35516403760992,0.0,6.431238418064072
27.81,10,51.01592177832218,0.0,6.076613678492433
27.82,10,51.54351279546862,0.0,6.588837912219866
27.83,10,51.14105399185618,0.0,6.171028005952123
27.84,10,52.3760946918391,0.0,7.390733267962515
27.85,10,51.619746402162086,0.0,6.619065188935051
27.86,10,52.60265036483123,0.0,7.586664994835501
27.87,10,51.45548454439521,0.0,6.424210634191841
27.88,10,51.79237804670444,0.0,6.745831196853745
27.89,10,51.070927985391634,0.0,6.009123780472355
27.9,10,51.21147764654047,0.0,6.134431655169598
27.91,10,51.6405464500769,0.0,6.548274224928562
27.92,10,51.57625438673235,0.0,6.468771464556684
27.93,10,52.57593676603652,0.0,7.453258667679047
27.94,10,51.74093915500684,0.0,6.60308138542679
27.95,10,52.54594980648994,0.0,7.392927854779008
27.96,10,51.24616751657415,0.0,6.077996855974805
27.97,10,51.820105277434784,0.0,6.636801365358915
27.98,10,51.00129678086589,0.0,5.8028750589127345
27.99,10,51.58930602543963,0.0,6.375781919413962
28.0,10,51.747814118153734,0.0,6.51920303808377
28.01,10,51.94365510504497,0.0,6.699972445200375
28.02,10,52.52691501514895,0.0,7.268176154058685
28.03,10,51.71557955556983,0.0,6.441799856039503
28.04,10,52.289824277051196,0.0,7.001019086180878
28.05,10,50.98325714723891,0.0,5.679441796440622
28.06,10,51.75887398043412,0.0,6.440063785449217
28.07,10,50.98608683881424,0.0,5.65229709973062
28.08,10,51.978563498641115,0.0,6.629809499910505
28.09,10,51.89480058499136,0.0,6.5310975954465205
28.1,10,52.323791529876985,0.0,6.945154802748865
28.11,10,52.45910739847732,0.0,7.065552171411752
28.12,10,51.77616502147811,0.0,6.367706516553162
28.13,10,52.14511393387493,0.0,6.721767357617484
28.14,10,51.02477243040841,0.0,5.586552973811034
28.15,10,52.01918943110176,0.0,6.566112269639569
28.16,10,51.31733758068386,0.0,5.849417874331102
28.17,10,52.54007069595436,0.0,7.057323589200914
28.18,10,52.15110726939942,0.0,6.6535478912676975
28.19,10,52.662697722128854,0.0,7.150341186190001
28.2,10,52.3155494811212,0.0,6.788410885511761
28.21,10,51.79070951815439,0.0,6.248803945592678
28.22,10,51.905558527727806,0.0,6.348901045530137
28.23,10,51.094221929325016,0.0,5.522827589422203
28.24,10,52.12456787156503,0.0,6.538451710518655
28.25,10,51.51060926392347,0.0,5.909786302941959
28.26,10,52.84123742288117,0.0,7.225722667836111
28.27,10,52.12153433814494,0.0,6.491342779587144
28.28,10,52.7094101345627,0.0,7.0645567477385285
28.29,10,51.96865135936067,0.0,6.309151104227768
28.3,10,51.776074102110535,0.0,6.10194192335403
28.31,10,51.74115824796425,0.0,6.052409075012803
28.32,10,51.392361303463844,0.0,5.689010050505438
28.33,10,52.391060292721825,0.0,6.673121858719922
28.34,10,51.88441241938305,0.0,6.151901688092336
28.35,10,53.109318298663766,0.0,7.362250138645871
28.36,10,52.131343521352335,0.0,6.369732785991863
28.37,10,52.71190196241554,0.0,6.935763489935829
28.38,10,51.62411036481741,0.0,5.833458978296234
28.39,10,51.805178310530806,0.0,6.0000288179161805
28.4,10,51.61645092534069,0.0,5.796818119466408
28.41,10,51.68011448806826,0.0,5.846013146669772
28.42,10,52.487171959248,0.0,6.638616844977922
28.43,10,52.102960348365,0.0,6.239966208808695
28.44,10,53.08097422663405,0.0,7.203555794325412
28.45,10,51.95237772632262,0.0,6.060549718759406
28.46,10,52.581864441188515,0.0,6.675641560848174
28.47,10,51.44409450459395,0.0,5.523491438948722
28.48,10,52.04786907037733,0.0,6.112900491910137
28.49,10,51.76559319277343,0.0,5.816273758993042
28.5,10,52.25816504400694,0.0,6.29450939746373
28.51,10,52.7362498940454,0.0,6.758272662346288
28.52,10,52.48988436899592,0.0,6.497600164820356
28.53,10,53.06163810454337,0.0,7.05506152565825
28.54,10,51.870609361807325,0.0,5.849754991082418
28.55,10,52.50006546252826,0.0,6.464947867951774
28.56,10,51.304492292514794,0.0,5.255126027208316
28.57,10,52.2856123152737,0.0,6.222011917507835
28.58,10,51.863685112684145,0.0,5.785865105893525
28.59,10,52.69646252311416,0.0,6.604437415912811
28.6,10,52.79755327932749,0.0,6.6913375655240745
28.61,10,52.627094133417394,0.0,6.506702292030235
28.62,10,52.81435742534139,0.0,6.679803920613822
28.63,10,51.76703031108699,0.0,5.61832959250247
28.64,10,52.40363584547174,0.0,6.24080234776903
28.65,10,51.41972541450821,0.0,5.242773557696449
28.66,10,52.64598275161644,0.0,6.454926940990237
28.67,10,52.181655724090824,0.0,5.976510350245322
28.68,10,53.2119621165555,0.0,6.992741555401394
28.69,10,52.844952057247404,0.0,6.611670670026272
28.7,10,52.84252850388622,0.0,6.595200637185329
28.71,10,52.641106410390016,0.0,6.3797463961572305
28.72,10,51.86357495479922,0.0,5.588197110358122
28.73,10,52.4434619881788,0.0,6.154080616243697
28.74,10,51.73642033463561,0.0,5.433049723326499
28.75,10,53.053248204445836,0.0,6.735902627303312
28.76,10,52.434404482526155,0.0,6.103098198526183
28.77,10,53.484895806257136,0.0,7.139643059826073
28.78,10,52.7118373919118,0.0,6.352652412941487
28.79,10,52.824227984757506,0.0,6.451124988619819
28.8,10,52.349626388805206,0.0,5.962619576367002
28.81,10,51.99307174551233,0.0,5.5921753031504196
28.82,10,52.53126760258623,0.0,6.116495702201907
28.83,10,52.12683759115309,0.0,5.698204390187322
28.84,10,53.36190881559449,0.0,6.919428457042393
28.85,10,52.62428076001281,0.0,6.16796737243854
28.86,10,53.563849107774104,0.0,7.093716805325507
28.87,10,52.44179453780181,0.0,5.957857420225304
28.88,10,52.775877694980586,0.0,6.278149847635884
28.89,10,52.058824728204065,0.0,5.547320222078726
28.9,10,52.18036702379977,0.0,5.6550999155239925
28.91,10,52.563396019762166,0.0,6.0243803516234555
28.92,10,52.49688200944994,0.0,5.944131809407688
28.93,10,53.528297623961066,0.0,6.961826905661245
28.94,10,52.72232651123713,0.0,6.142149274026998
28.95,10,53.53008795661356,0.0,6.936218185556088
28.96,10,52.21980929409264,0.0,5.612260959981279
28.97,10,52.776772686392576,0.0,6.155559745765671
28.98,10,51.97453138127648,0.0,5.339667776432
28.99,10,52.578342402702056,0.0,5.929842061712041
29.0,10,52.79246720957909,0.0,6.130344046304125
29.01,10,52.9785178617762,0.0,6.302785775879995
29.02,10,53.60280633027934,0.0,6.9134792072433315
29.03,10,52.79435403150503,0.0,6.0914457426426605
29.04,10,53.35579448409158,0.0,6.639318886562983
29.05,10,52.012607549509134,0.0,5.282578486335282
29.06,10,52.796859133115746,0.0,6.0532904331931885
29.07,10,51.97243993852727,0.0,5.215345416642509
29.08,10,52.92410704316401,0.0,6.153500500007709
29.09,10,52.85082227397842,0.0,6.066717496159863
29.1,10,53.25614581052827,0.0,6.45855657058999
29.11,10,53.41193371989382,0.0,6.600873776325682
29.12,10,52.70540402505224,0.0,5.880887122305881
29.13,10,53.054988608010625,0.0,6.217028476513729
29.14,10,51.920682708636576,0.0,5.06929306480727
29.15,10,52.876400151105685,0.0,6.011594697366809
29.16,10,52.17125406905214,0.0,5.2930464938455
29.17,10,53.41436385456877,0.0,6.5227678323695235
29.18,10,52.99721045730003,0.0,6.092239648630677
29.19,10,53.503818348668304,0.0,6.5854864001133295
29.2,10,53.168198179211,0.0,6.236518723430766
29.21,10,52.624382738836836,0.0,5.6793693945819985
29.22,10,52.74854583698782,0.0,5.790212209113306
29.23,10,51.91371739946033,0.0,4.942077078939663
29.24,10,52.94196610354689,0.0,5.957032667486448
29.25,10,52.33385691156727,0.0,5.335643923220238
29.26,10,53.66560424599176,0.0,6.6541252547725
29.27,10,52.96444586281972,0.0,5.939714404317631
29.28,10,53.5563255523283,0.0,6.518355148322011
29.29,10,52.795742272452884,0.0,5.744546430924543
29.3,10,52.603132649044554,0.0,5.538724864193768
29.31,10,52.56715643176702,0.0,5.4895501840247425
29.32,10,52.20073833558192,0.0,5.109947091624879
29.33,10,53.17360220536731,0.0,6.069639418131652
29.34,10,52.63080881035644,0.0,5.513687919052049
29.35,10,53.83480855244629,0.0,6.704542982570661
29.36,10,52.84189985332687,0.0,5.69850301667914
29.37,10,53.49933616548727,0.0,6.342821460182096
29.38,10,52.43068580228771,0.0,5.2610666127694055
29.39,10,52.614991322623084,0.0,5.432281019679478
29.4,10,52.46729267447691,0.0,5.271504615253294
29.41,10,52.54373091675547,0.0,5.334878444768621
29.42,10,53.34160522529898,0.0,6.119701670450738
29.43,10,52.939343060090664,0.0,5.704401738682171
29.44,10,53.893183411696825,0.0,6.645217626442187
29.45,10,52.721323566894824,0.0,5.46034660693526
29.46,10,53.33892315337705,0.0,6.06494829429438
29.47,10,52.11828770349061,0.0,4.831328207321469
29.48,10,52.67736904098375,0.0,5.377438156232879
29.49,10,52.37836322342828,0.0,5.065474185082992
29.5,10,52.864938699550464,0.0,5.539104729093932
29.51,10,53.40187148227645,0.0,6.063105787701706
29.52,10,53.09517679868514,0.0,5.743492574508681
29.53,10,53.676651437960786,0.0,6.312061865236703
29.54,10,52.46953434306136,0.0,5.092052589394522
29.55,10,53.076935564959285,0.0,5.686574784519523
29.56,10,51.93187781585232,0.0,4.528651149387852
29.57,10,52.877834707013044,0.0,5.461755281864431
29.58,10,52.46726053922582,0.0,5.0383414693394295
29.59,10,53.31746476562196,0.0,5.87571915156371
29.6,10,53.407426719077534,0.0,5.95286764804643
29.61,10,53.22063357316432,0.0,5.753274119006352
29.62,10,53.43419854255302,0.0,5.954051765774517
29.63,10,52.33716263828912,0.0,4.844241586070695
29.64,10,52.96688120552279,0.0,5.461198911732461
29.65,10,51.971319024579365,0.0,4.452888509786489
29.66,10,53.20360398549593,0.0,5.672438256984822
29.67,10,52.695758373478895,0.0,5.151870425262042
29.68,10,53.716966838901065,0.0,6.160369651733066
29.69,10,53.35650740082501,0.0,5.787213942215713
29.7,10,53.328024547719664,0.0,5.746047771948012
29.71,10,53.131875490335005,0.0,5.537228338462451
29.72,10,52.39153641574268,0.0,4.784231815626509
29.73,10,52.990842608478594,0.0,5.37089347478549
29.74,10,52.27714794046802,0.0,4.644567174687691
29.75,10,53.5992293911436,0.0,5.954029881601963
29.76,10,52.97872010662315,0.0,5.320914728495982
29.77,10,54.05295769389504,0.0,6.38255930922111
29.78,10,53.27213872377055,0.0,5.589160181465379
29.79,10,53.424310353700434,0.0,5.728764489569544
29.8,10,52.898004741146394,0.0,5.1899043778984275
29.81,10,52.54398553186014,0.0,4.823343479120624
29.82,10,53.066317206248065,0.0,5.333146260572649
29.83,10,52.68645449438218,0.0,4.940767439269691
29.84,10,53.94332087349097,0.0,6.185130479397133
29.85,10,53.18969146801407,0.0,5.419010492364521
29.86,10,54.141865019819456,0.0,6.35870620702321
29.87,10,53.00206215659061,0.0,5.206438238053301
29.88,10,53.33248350901771,0.0,5.5244072031547615
29.89,10,52.6073208527665,0.0,4.786804865016571
29.9,10,52.780029895776615,0.0,4.947086918614657
29.91,10,53.22609877360143,0.0,5.380741486551928
29.92,10,53.138389340355666,0.0,5.280630410006053
29.93,10,54.168313268874876,0.0,6.298165348888501
29.94,10,53.389006673211554,0.0,5.506482404341041
29.95,10,54.180749207627976,0.0,6.285861217728133
29.96,10,52.854889188778266,0.0,4.947650092819651
29.97,10,53.43784637921483,0.0,5.518268779296493
29.98,10,52.619346520190476,0.0,4.687443005553357
29.99,10,53.22715769850035,0.0,5.282940845540326
30.0,10,53.415048110508266,2.5,5.458530482789208
30.01,10,53.65521425340689,2.5,5.73554756834047
30.02,10,54.29706064623911,2.5,6.412590047341323
30.03,10,53.50504630667308,2.5,5.654195929620822
30.04,10,54.0628242664411,2.5,6.244093463416224
30.05,10,52.73059097715674,2.5,4.9425507216632765
30.06,10,53.49918022070573,2.5,5.740469684234638
30.07,10,52.69544413223932,2.5,4.964767424565277
30.08,10,53.69594839178572,2.5,5.9920714570760945
30.09,10,53.595968336173776,2.5,5.917715997460166
30.1,10,53.97233645967433,2.5,6.3185896045970145
30.11,10,54.125858304914246,2.5,6.495551205985304
30.12,10,53.44560436361744,2.5,5.837722126573424
30.13,10,53.729570837661534,2.5,6.143146971782655
30.14,10,52.58334363694434,2.5,5.017457741510692
30.15,10,53.551946435861815,2.5,6.00572199719534
30.16,10,52.76946642911052,2.5,5.242068722916177
30.17,10,53.993203801124864,2.5,6.483837895098593
30.18,10,53.634033030659154,2.5,6.141941882569471
30.19,10,54.1627746030686,2.5,6.6872372497482635
30.2,10,53.79848735487218,2.5,6.338817187774876
30.21,10,53.31287948674056,2.5,5.868422609924365
30.22,10,53.463586925829794,2.5,6.033720592427779
30.23,10,52.617198950514435,2.5,5.201330073940739
30.24,10,53.670383373968654,2.5,6.267947110287622
30.25,10,53.02912523477146,2.5,5.639583632828476
30.26,10,54.34715541301856,2.5,6.969996129093413
30.27,10,53.61694673575732,2.5,6.251681809656263
30.28,10,54.185892208936956,2.5,6.832056898586159
30.29,10,53.39102676855707,2.5,6.048178440302102
30.3,10,53.2421447274206,2.5,5.909861799368163
30.31,10,53.21729490235881,2.5,5.895175838226113
30.32,10,52.869302885504375,2.5,5.55696523656153
30.33,10,53.86927617273008,2.5,6.5663556655371025
30.34,10,53.384587567807536,2.5,6.090737235556244
30.35,10,54.567371955908946,2.5,7.282261311286461
30.36,10,53.562094722279035,2.5,6.28540896986719
30.37,10,54.166082075663795,2.5,6.897521361985908
30.38,10,53.100739461294694,2.5,5.840018160708534
30.39,10,53.27652349431977,2.5,6.02336952904483
30.4,10,53.098238977203536,2.5,5.852393169850199
30.41,10,53.18899332873518,2.5,5.9502087857825305
30.42,10,54.022323338705135,2.5,6.790364863447521
30.43,10,53.58918037460451,2.5,6.363823908159366
30.44,10,54.55011329120524,2.5,7.331145380239713
30.45,10,53.391882775901536,2.5,6.179100065801571
30.46,10,53.98904160425556,2.5,6.782250356520921
30.47,10,52.78354799861403,2.5,5.582563631321163
30.48,10,53.375472521993174,2.5,6.180119172223774
30.49,10,53.08603833925776,2.5,5.896148446442952
30.5,10,53.579282432519555,2.5,6.394696341699357
30.51,10,54.09461546798603,2.5,6.915181052032908
30.52,10,53.817376275712355,2.5,6.642948575612123
30.53,10,54.42269572949366,2.5,7.25313661182035
30.54,10,53.24826563288837,2.5,6.083443463651884
30.55,10,53.856493081190706,2.5,6.696282415273615
30.56,10,52.725475505257585,2.5,5.569756790696908
30.57,10,53.65722449942732,2.5,6.505883795831357
30.58,10,53.24120989859667,2.5,6.094138609020854
30.59,10,54.04561547798327,2.5,6.9027100936223995
30.6,10,54.129309861914635,2.5,6.990471718998216
30.61,10,53.93769930978849,2.5,6.80283435809646
30.62,10,54.14561859121952,2.5,7.014637173662568
30.63,10,53.063489825225446,2.5,5.936306467961039
30.64,10,53.68397735432304,2.5,6.560510566903551
30.65,10,52.6830356952925,2.5,5.563207780366379
30.66,10,53.90966012612553,2.5,6.793396998234185
30.67,10,53.41737994975047,2.5,6.304610962786312
30.68,10,54.45835125903598,2.5,7.349009041948281
30.69,10,54.117685434094525,2.5,7.011705734447646
30.7,10,54.1092568755355,2.5,7.006578410545452
30.71,10,53.93868249988801,2.5,6.839246814578465
30.72,10,53.15045785812094,2.5,6.054209190260217
30.73,10,53.736302230359684,2.5,6.643187381852371
30.74,10,53.0579492513456,2.5,5.967917465772611
30.75,10,54.3683016472024,2.5,7.281304493213381
30.76,10,53.74799346395802,2.5,6.663984724238145
30.77,10,54.80165772509826,2.5,7.72059329064195
30.78,10,53.97801368289588,2.5,6.899851452334037
30.79,10,54.09726123069949,2.5,7.021961014438607
30.8,10,53.57148821906358,2.5,6.499011648007287
30.81,10,53.22854897547304,2.5,6.158859414105951
30.82,10,53.7421005386647,2.5,6.675163002291062
30.83,10,53.33832970341319,2.5,6.274110779351432
30.84,10,54.580718033133444,2.5,7.519185805677232
30.85,10,53.8472116977595,2.5,6.788335676725571
30.86,10,54.79323064712132,2.5,7.736981699812616
30.87,10,53.67067564079411,2.5,6.617025927214906
30.88,10,54.03657743270875,2.5,6.985500343876333
30.89,10,53.348999346332135,2.5,6.3004694455368835
30.9,10,53.48619263063117,2.5,6.440185597504692
30.91,10,53.87443691987179,2.5,6.830929497127832
30.92,10,53.81566557637916,2.5,6.774635519100918
30.93,10,54.776837726382716,2.5,7.73826375373329
30.94,10,53.97851158307845,2.5,6.94237333231993
30.95,10,54.771961774203895,2.5,7.738239756913943
30.96,10,53.43436829846526,2.5,6.403043858846545
30.97,10,53.975203212876224,2.5,6.946258488058531
30.98,10,53.17905626223454,2.5,6.152474144474209
30.99,10,53.74353855575765,2.5,6.719302656443701
31.0,10,53.95524215417381,2.5,6.933336769554725
31.01,10,54.16224604959102,2.5,7.142656128139289
31.02,10,54.78187656891679,2.5,7.764587680253709
31.03,10,53.959328346125034,2.5,6.944326651430203
31.04,10,54.54761097731619,2.5,7.534883201151959
31.05,10,53.24003286666785,2.5,6.229566270150107
31.06,10,54.009721043649066,2.5,7.001503398900289
31.07,10,53.23491847584742,2.5,6.228938041670784
31.08,10,54.20408590195471,2.5,7.200331400671009
31.09,10,54.13152957572924,2.5,7.129990171120769
31.1,10,54.536262131493906,2.5,7.536927407802469
31.11,10,54.68184801039749,2.5,7.684707952326189
31.12,10,53.96902607551706,2.5,6.974071049187953
31.13,10,54.33499901910933,2.5,7.34221975393132
31.14,10,53.215476024521706,2.5,6.224863595924648
31.15,10,54.15423654832158,2.5,7.16578236131586
31.16,10,53.4164527060224,2.5,6.4301484795443775
31.17,10,54.670152954254576,2.5,7.685990706259992
31.18,10,54.2604874150747,2.5,7.278459448344277
31.19,10,54.779891106330794,2.5,7.799989994954757
31.2,10,54.41439013469117,2.5,7.436608711199383
31.21,10,53.90962712816769,2.5,6.9339584712749405
31.22,10,54.07046879163891,2.5,7.096906214575646
31.23,10,53.27369862989666,2.5,6.30223566929772
31.24,10,54.29682542940996,2.5,7.32745583473428
31.25,10,53.64862186463623,2.5,6.681339588091826
31.26,10,54.97204120500254,2.5,8.006840391953501
31.27,10,54.269050395573295,2.5,7.305925375404722
31.28,10,54.87786711413346,2.5,7.916812391553251
31.29,10,54.08303424103024,2.5,7.124044487786482
31.3,10,53.90586621306395,2.5,6.948936260058098
31.31,10,53.906897050476275,2.5,6.952021880253291
31.32,10,53.51236196577514,2.5,6.559536705372213
31.33,10,54.486815485899946,2.5,7.536035400037203
31.34,10,53.96519539742163,2.5,7.016455882018357
31.35,10,55.18473974057118,2.5,8.23803631657155
31.36,10,54.212511116066075,2.5,7.267839423559918
31.37,10,54.82594124158213,2.5,7.883297034206893
31.38,10,53.77324373708958,2.5,6.832622876699533
31.39,10,53.940999577825444,2.5,7.002398029415758
31.4,10,53.82886481166344,2.5,6.892278638536715
31.41,10,53.94100009043809,2.5,7.00642544960171
31.42,10,54.742530061491806,2.5,7.809963199275277
31.43,10,54.34672019439478,2.5,7.416157442276733
31.44,10,55.29289112109042,2.5,8.364328891724378
31.45,10,54.103248925273746,2.5,7.176683708704516
31.46,10,54.7422791048028,2.5,7.817707464862936
31.47,10,53.49417493026696,2.5,6.571593501145696
31.48,10,54.03684994530949,2.5,7.116255428285587
31.49,10,53.73259118071952,2.5,6.813980341050241
31.5,10,54.25986123688208,2.5,7.3432309008403704
31.51,10,54.77200043586517,2.5,7.857347487919037
31.52,10,54.509396608985675,2.5,7.596717989111599
31.53,10,55.12242850298498,2.5,8.211721204110054
31.54,10,53.89176229229521,2.5,6.983023357861518
31.55,10,54.53377259076051,2.5,7.62699911240545
31.56,10,53.34746879751906,2.5,6.442657912866711
31.57,10,54.34101722799326,2.5,7.438166118551162
31.58,10,53.96066980832096,2.5,7.0597756974774795
31.59,10,54.771992512707584,2.5,7.8730526638246285
31.6,10,54.88140888703734,2.5,7.984420601634351
31.61,10,54.73157875862127,2.5,7.836539374645712
31.62,10,54.9179278446137,2.5,8.024834734794547
31.63,10,53.817690716431684,2.5,6.926541286711013
31.64,10,54.431749050427186,2.5,7.542540738466858
31.65,10,53.45665421797986,2.5,6.569384491739579
31.66,10,54.66334974880942,2.5,7.77801610519252
31.67,10,54.16676594746843,2.5,7.283365911032303
31.68,10,55.17914056263555,2.5,8.297671684363934
31.69,10,54.80149779491728,2.5,7.921957651050494
31.7,10,54.783430821835346,2.5,7.905817012756837
31.71,10,54.60526260334749,2.5,7.729572752523565
31.72,10,53.83346208933414,2.5,6.959693842303849
31.73,10,54.36872305883836,2.5,7.496874082251919
31.74,10,53.695069034139415,2.5,6.825137014842514
31.75,10,55.00451867542847,2.5,8.136501319590032
31.76,10,54.39150533978152,2.5,7.525400372062933
31.77,10,55.41396009504568,2.5,8.54976525781041
31.78,10,54.5739254341241,2.5,7.711638486683885
31.79,10,54.68727439973631,2.5,7.826893117634333
31.8,10,54.178611480677574,2.5,7.320133655004964
31.81,10,53.827827337648785,2.5,6.971250774394248
31.82,10,54.32972264681451,2.5,7.475045166244753
31.83,10,53.96035645784848,2.5,7.10757589391814
31.84,10,55.19761235651102,2.5,8.3467265563007
31.85,10,54.46086177561056,2.5,7.611868598791811
31.86,10,55.40400803307799,2.5,8.55690535140337
31.87,10,54.2857619315858,2.5,7.44054762840372
31.88,10,54.65914344033138,2.5,7.815815410123581
31.89,10,53.96416209235776,2.5,7.122718240299228
31.9,10,54.12365291620496,2.5,7.284091157744407
31.91,10,54.51506738911006,2.5,7.677385649570704
31.92,10,54.418194427530274,2.5,7.582390641729193
31.93,10,55.42487867212944,2.5,8.590950784015506
31.94,10,54.597670723808584,2.5,7.765616686117242
31.95,10,55.383280368914114,2.5,8.553098142838653
31.96,10,54.07698353622768,2.5,7.248671091106357
31.97,10,54.62304511060847,2.5,7.796600423626131
31.98,10,53.83425907636612,2.5,7.0096801322702555
31.99,10,54.440592199233976,2.5,7.61787699006422
32.0,10,54.66093844590308,2.5,7.840084970733238
32.01,10,54.85425039845061,2.5,8.035256663143642
32.02,10,55.44489384917512,2.5,8.627757866148762
32.03,10,54.59319745338413,2.5,7.77791724138856
32.04,10,55.16126884509179,2.5,8.347842428997163
32.05,10,53.84159140450506,2.5,7.030016815099452
32.06,10,54.63486547148108,2.5,7.825140745277999
32.07,10,53.83825230485266,2.5,7.030375483907491
32.08,10,54.84066844693134,2.5,8.034637578666374
32.09,10,54.77024938581297,2.5,7.966062522851236
32.1,10,55.15164474612986,2.5,8.349299946136172
32.11,10,55.32449029128761,2.5,8.523985616817551
32.12,10,54.56542856411984,2.5,7.766762082475679
32.13,10,54.877492429008356,2.5,8.080662212101709
32.14,10,53.73113475546137,2.5,6.936138879682691
32.15,10,54.68399488254581,2.5,7.890831428639431
32.16,10,53.93314499585578,2.5,7.141812048801456
32.17,10,55.14998251308599,2.5,8.360478161985732
32.18,10,54.74780036795374,2.5,7.9601227059237
32.19,10,55.2554884142044,2.5,8.469635538272268
32.2,10,54.93222841631098,2.5,8.148198427317988
32.21,10,54.44552730624884,2.5,7.663318308756552
32.22,10,54.600954205814375,2.5,7.820564308015438
32.23,10,53.80742066086557,2.5,7.028847974499106
32.24,10,54.8642153840855,2.5,8.087458024356014
32.25,10,54.21480848456653,2.5,7.439864570067015
32.26,10,55.536352465772055,2.5,8.763220118410336
32.27,10,54.84094817825492,2.5,8.069625523183788
32.28,10,55.45880759006352,2.5,8.689292755613728
32.29,10,54.70342366461124,2.5,7.935714782227767
32.3,10,54.52340866837237,2.5,7.75750387255383
32.31,10,54.4934847406039,2.5,7.729382168844544
32.32,10,54.13773056703989,2.5,7.3754283597742525
32.33,10,55.15701462769443,2.5,8.396510928244663
32.34,10,54.64410672074882,2.5,7.885399675274449
32.35,10,55.85481867205501,2.5,9.097906429505013
32.36,10,54.88976385631752,2.5,8.13464456838438
32.37,10,55.5338293435554,2.5,8.780501164631684
32.38,10,54.47664610433661,2.5,7.725107191473208
32.39,10,54.65710235975793,2.5,7.907350872624029
32.4,10,54.48904995934358,2.5,7.74108406018914
32.41,10,54.58779550757326,2.5,7.841613361192505
32.42,10,55.399556000108966,2.5,8.655155773805854
32.43,10,54.99474299078214,2.5,8.252122854337472
32.44,10,55.95338151079915,2.5,9.212539636438853
32.45,10,54.81676564864077,2.5,8.077700211005906
32.46,10,55.40029659235631,2.5,8.663005768474127
32.47,10,54.184848387836624,2.5,7.449330357093433
32.48,10,54.80773947538974,2.5,8.073992419504275
32.49,10,54.52560312899272,2.5,7.793625231991423
32.5,10,55.02923223592557,2.5,8.299021684118284
32.51,10,55.52704062495369,2.5,8.798595606910844
32.52,10,55.217782505068364,2.5,8.491101211599299
32.53,10,55.812455712673454,2.5,9.08753633680511
32.54,10,54.60178758354162,2.5,7.87862832049879
32.55,10,55.22083488342171,2.5,8.499433930607655
32.56,10,54.05250956099112,2.5,7.332865117969406
32.57,10,55.01327292854263,2.5,8.295383197019497
32.58,10,54.63777642823081,2.5,7.921639612038343
32.59,10,55.451499901064324,2.5,8.737114206144502
32.6,10,55.520069880905986,2.5,8.807433515295166
32.61,10,55.358420305472656,2.5,8.647531479286803
32.62,10,55.54178507719907,2.5,8.83264200261974
32.63,10,54.481719222551874,2.5,7.774320113812572
32.64,10,55.06429833742124,2.5,8.358641410794489
32.65,10,54.11020870877519,2.5,7.40629218256
32.66,10,55.326297562397315,2.5,8.624119656907446
32.67,10,54.836930627302415,2.5,8.136489564854534
32.68,10,55.825261095675,2.5,9.126555100578216
32.69,10,55.43847574642462,2.5,8.74150304496941
32.7,10,55.40210459341279,2.5,8.706863413861033
32.71,10,55.19350267676339,2.5,8.49999124933896
32.72,10,54.40830171311929,2.5,7.7165182699982875
32.73,10,54.983893726062334,2.5,8.293836501364067
32.74,10,54.28084674515587,2.5,7.5925139749345965
32.75,10,55.584513153852974,2.5,8.89790307608906
32.76,10,54.96849279324002,2.5,8.283603647832372
32.77,10,55.98799090860827,2.5,9.304820937366447
32.78,10,55.182593794382754,2.5,8.501141241019278
32.79,10,55.27577716267896,2.5,8.596040272802654
32.8,10,54.820863434794646,2.5,8.142840455903295
32.81,10,54.46892478711083,2.5,7.792613968584847
32.82,10,54.97837582315644,2.5,8.303775416252094
32.83,10,54.57275938200319,2.5,7.89986763984667
32.84,10,55.7987639481157,2.5,9.127579125696949
32.85,10,55.06346193182239,2.5,8.393982285989392
32.86,10,56.02497688360295,2.5,9.357200673056283
32.87,10,54.855147341809584,2.5,8.189072827096583
32.88,10,55.197150484192576,2.5,8.532775927702534
32.89,10,54.490679809578,2.5,7.828003475536719
32.9,10,54.64141371716041,2.5,7.980433871625611
32.91,10,55.022565227372354,2.5,8.363280138228754
32.92,10,54.925460474102486,2.5,8.267868411056996
32.93,10,55.93447266826827,2.5,9.278571902845874
32.94,10,55.10917744541779,2.5,8.454966250956895
32.95,10,55.87657056583943,2.5,9.224047217487646
32.96,10,54.55854238545838,2.5,7.907705160168512
32.97,10,55.125768828270274,2.5,8.476616004796398
32.98,10,54.30074765466206,2.5,7.653277513555342
32.99,10,54.90223362326321,2.5,8.256444446868338
33.0,10,55.08193966495725,2.5,8.437829737408743
33.01,10,55.291392470314506,2.5,8.648960077532987
33.02,10,55.92995378150249,2.5,9.289197211191183
33.03,10,55.122879569463585,2.5,8.483797111105023
33.04,10,55.67441719360721,2.5,9.037007138459694
33.05,10,54.36883896654107,2.5,7.733099607635457
33.06,10,55.13796448152397,2.5,8.503894113660628
33.07,10,54.32158965629307,2.5,7.689186576038598
33.08,10,55.32283133284725,2.5,8.692093838531386
33.09,10,55.23263550776093,2.5,8.60356189947366
33.1,10,55.638711804355246,2.5,9.011300383943649
33.11,10,55.78533380348144,2.5,9.159582874547187
33.12,10,55.07442125328758,2.5,8.450329121183728
33.13,10,55.41284300852415,2.5,8.790407980352663
33.14,10,54.268133433217635,2.5,7.6473538178263265
33.15,10,55.17768343596406,2.5,8.55855754394421
33.16,10,54.501391428848855,2.5,7.883917572532564
33.17,10,55.75954853428147,2.5,9.14372502773881
33.18,10,55.379294272791654,2.5,8.76511943182834
33.19,10,55.913888384661306,2.5,9.301360526816294
33.2,10,55.54608726984456,2.5,8.935204714387169
33.21,10,55.03800561438386,2.5,8.428766682311787
33.22,10,55.175245741729185,2.5,8.567648755765916
33.23,10,54.32310497527177,2.5,7.717148259864133
33.24,10,55.368527027384964,2.5,8.764208908700809
33.25,10,54.70022866502641,2.5,8.097547470952493
33.26,10,56.018064125578135,2.5,9.417018185717735
33.27,10,55.287110562416906,2.5,8.68769820808746
33.28,10,55.847499115525025,2.5,9.24971867975601
33.29,10,55.07773878534403,2.5,8.481588602874867
33.3,10,54.91556665056121,2.5,8.321045057838836
33.31,10,54.88632022846855,2.5,8.293425563645473
33.32,10,54.518302520676464,2.5,7.927033123608624
33.33,10,55.53004723353548,2.5,8.940401445779974
33.34,10,55.02634237300841,2.5,8.438318537821644
33.35,10,56.24990108788867,2.5,9.663497550224092
33.36,10,55.25209234093617,2.5,8.667307447442267
33.37,10,55.85139691497932,2.5,9.268229013997587
33.38,10,54.787222237733005,2.5,8.205669679295989
33.39,10,54.95757524584791,2.5,8.37763638167727
33.4,10,54.77203179281159,2.5,8.193704976315786
33.41,10,54.83520934357978,2.5,8.258492929852496
33.42,10,55.633875501525935,2.5,9.058767847343837
33.43,10,55.23939196565749,2.5,8.665891429478407
33.44,10,56.23131231767537,2.5,9.65941725963636
33.45,10,55.089370627412286,2.5,8.519079409327746
33.46,10,55.73691672638635,2.5,9.168227711746024
33.47,10,54.512032272905344,2.5,7.944943826872446
33.48,10,55.07635461767197,2.5,8.510865107081239
33.49,10,54.82084466436147,2.5,8.256952457717542
33.5,10,55.3322356702228,2.5,8.769939137698097
33.51,10,55.818305623499576,2.5,9.257603136932607
33.52,10,55.530307963423596,2.5,8.971197896316795
33.53,10,56.10791026391848,2.5,9.550390991436844
33.54,10,54.925799880427654,2.5,8.369869779396636
33.55,10,55.534757190340535,2.5,8.980414639244135
33.56,10,54.35182210181923,2.5,7.799065480798444
33.57,10,55.291444949241104,2.5,8.740272640091915
33.58,10,54.91210320444018,2.5,8.36251359061191
33.59,10,55.74586137618484,2.5,9.197852842778165
33.6,10,55.85224577083968,2.5,9.305816704605114
33.61,10,55.67726146858373,2.5,9.132410257919473
33.62,10,55.84767054862017,2.5,9.304395583570821
33.63,10,54.80317799785419,2.5,8.261477670108468
33.64,10,55.41326040234449,2.5,8.873133105233954
33.65,10,54.40019969812782,2.5,7.86164382662473
33.66,10,55.60017036611761,2.5,9.063184316833407
33.67,10,55.07207573090637,2.5,8.536657902089893
33.68,10,56.07691166149608,2.5,9.543060453031627
33.69,10,55.743004714874715,2.5,9.210718528280761
33.7,10,55.70499222821303,2.5,9.174269466639938
33.71,10,55.51230514992917,2.5,8.983144218158039
33.72,10,54.7392000201033,2.5,8.211599324543698
33.73,10,55.32012716227233,2.5,8.794085110960998
33.74,10,54.615928235249385,2.5,8.091443237848251
33.75,10,55.971165641275846,2.5,9.44823610907062
33.76,10,55.38283877010148,2.5,8.861463115999566
33.77,10,56.43845793479318,2.5,9.918634573322404
33.78,10,55.61432226869778,2.5,9.096049616004215
33.79,10,55.744158672344895,2.5,9.22743514619164
33.8,10,55.22016415733823,2.5,8.704988177103475
33.81,10,54.89625676810953,2.5,8.382626754784742
33.82,10,55.39885809527689,2.5,8.886772471465521
33.83,10,54.9952053701454,2.5,8.484662560060947
33.84,10,56.22973935723456,2.5,9.720737786698809
33.85,10,55.50247033010625,2.5,8.995008426547871
33.86,10,56.458315442356415,2.5,9.95239163480911
33.87,10,55.287278433055185,2.5,8.782891152156116
33.88,10,55.618327024628705,2.5,9.115474702616673
33.89,10,54.90196482732503,2.5,8.400645898038995
33.9,10,55.006742467219695,2.5,8.506955366097158
33.91,10,55.41265785276772,2.5,8.914401016842756
33.92,10,55.34229364528428,2.5,8.845565513186243
33.93,10,56.31718766941928,2.5,9.82198668137108
33.94,10,55.48574110617138,2.5,8.992065703987622
33.95,10,56.249429949353235,2.5,9.75727857643881
33.96,10,54.899427501051065,2.5,8.408798602399358
33.97,10,55.489631993336026,2.5,9.000524015527452
33.98,10,54.69356487835383,2.5,8.205976269554125
33.99,10,55.3388518501172,2.5,8.852781060075642
34.0,10,55.5600185242077,2.5,9.075464004255558
34.01,10,55.77532589783614,2.5,9.292286100885207
34.02,10,56.41414926151319,2.5,9.93262264205406
34.03,10,55.59897091642878,2.5,9.11895593052919
34.04,10,56.11228116156051,2.5,9.633776266863611
34.05,10,54.81372998580009,2.5,8.336733641523018
34.06,10,55.5779639832399,2.5,9.102474650172198
34.07,10,54.79138195150711,2.5,8.317398092008826
34.08,10,55.80648953662594,2.5,9.334009614626325
34.09,10,55.74020921931229,2.5,9.269231700307932
34.1,10,56.1456866503699,2.5,9.676210001423492
34.11,10,56.26453800966678,2.5,9.79656069940503
34.12,10,55.591434408835404,2.5,9.124954907447687
34.13,10,55.92944667318446,2.5,9.464463452421237
34.14,10,54.7744820478196,2.5,8.310993580990882
34.15,10,55.7081181913495,2.5,9.24612295332301
34.16,10,54.93929549044163,2.5,8.478791957641464
34.17,10,56.20391668409348,2.5,9.744903334498169
34.18,10,55.82184784179518,2.5,9.364323154936654
34.19,10,56.36037167919845,2.5,9.904334136159742
34.2,10,56.02155659979825,2.5,9.567004683212614
34.21,10,55.53326178055922,2.5,9.080193974607948
34.22,10,55.640316391043804,2.5,9.188731181455175
34.23,10,54.80551408910339,2.5,8.355409963150553
34.24,10,55.86862590766715,2.5,9.420001354166947
34.25,10,55.2361633053314,2.5,8.789016814642594
34.26,10,56.54888260753345,2.5,10.103212671555196
34.27,10,55.8405919862649,2.5,9.396397098435271
34.28,10,56.408409192570375,2.5,9.965687847864679
34.29,10,55.64668962475733,2.5,9.20544031968642
34.3,10,55.42184930699915,2.5,8.982070539608042
34.31,10,55.42496579631745,2.5,8.986656066183754
34.32,10,55.05144756943478,2.5,8.614605377667068
34.33,10,56.03357023983016,2.5,9.598194089066364
34.34,10,55.54048450258033,2.5,9.106572896986266
34.35,10,56.75208753553591,2.5,10.319638980803612
34.36,10,55.741435434543725,2.5,9.310448437890017
34.37,10,56.36414819807776,2.5,9.93462126824257
34.38,10,55.29752685941429,2.5,8.869458506659218
34.39,10,55.46715903939399,2.5,9.040547775500668
34.4,10,55.345832283641684,2.5,8.920676621910273
34.41,10,55.40264286675119,2.5,8.978941321998724
34.42,10,56.24087450922848,2.5,9.818625597787404
34.43,10,55.854671762747955,2.5,9.433874002464602
34.44,10,56.819090917103246,2.5,10.399742827336274
34.45,10,55.63786404709141,2.5,9.219964148710268
34.46,10,56.24888320867945,2.5,9.832430024062633
34.47,10,55.037690854589016,2.5,8.622682907622863
34.48,10,55.63434823303228,2.5,9.220784049109247
34.49,10,55.32197847280136,2.5,8.909856578818404
34.5,10,55.837638807305794,2.5,9.426957731663073
34.51,10,56.35660710835253,2.5,9.947365380951606
34.52,10,56.071512775246504,2.5,9.663708927489008
34.53,10,56.614510124286,2.5,10.208142689072059
34.54,10,55.42620824813486,2.5,9.021275759861416
34.55,10,56.06027874257614,2.5,9.656779737135539
34.56,10,54.93774039500521,2.5,8.535673409783827
34.57,10,55.90347035322714,2.5,9.50283392710362
34.58,10,55.51692680838313,2.5,9.117719481726883
34.59,10,56.325178078265445,2.5,9.927398392935302
34.6,10,56.39443200956322,2.5,9.998078508905719
34.61,10,56.22492033244431,2.5,9.829991561292355
34.62,10,56.38826022172405,2.5,9.994754726395161
34.63,10,55.35297095458793,2.5,8.960887282882931
34.64,10,55.95986675232844,2.5,9.569203453529877
34.65,10,54.94962027378688,2.5,8.56037589865747
34.66,10,56.1761525862236,2.5,9.788325687004901
34.67,10,55.70742653235925,2.5,9.321015662769804
34.68,10,56.732187021059325,2.5,10.347190736293516
34.69,10,56.34307592742528,2.5,9.959492784151541
34.7,10,56.31398575872666,2.5,9.931814315086237
34.71,10,56.12485587036306,2.5,9.74409468596831
34.72,10,55.338174655932654,2.5,8.958822291865514
34.73,10,55.935297312836205,2.5,9.557352331646896
34.74,10,55.22551207482087,2.5,8.848973040526209
34.75,10,56.556936881302235,2.5,10.181802359384267
34.76,10,55.92214638610577,2.5,9.548414943510183
34.77,10,56.9636355870966,2.5,10.591305792231193
34.78,10,56.17371066897923,2.5,9.802781091712637
34.79,10,56.263789825640615,2.5,9.894259037300605
34.8,10,55.788998695365734,2.5,9.4208652687377
34.81,10,55.39655995849088,2.5,9.029822467816558
34.82,10,55.91627167506832,2.5,9.550928696044204
34.83,10,55.53212543716969,2.5,9.168175546945408
34.84,10,56.74506379818704,2.5,10.382505575364037
34.85,10,56.019463366634184,2.5,9.658295391264263
34.86,10,56.97725704724928,2.5,10.617477900832924
34.87,10,55.84279487741341,2.5,9.484403142898485
34.88,10,56.164620534826746,2.5,9.807614796607023
34.89,10,55.50147698071776,2.5,9.145855824631356
34.9,10,55.59965590750304,2.5,9.24541792083096
34.91,10,56.00148590665888,2.5,9.648629678123568
34.92,10,55.9389823235861,2.5,9.587506443349985
34.93,10,56.909497388294525,2.5,10.55940044795848
34.94,10,56.11330017433801,2.5,9.764580766939874
34.95,10,56.90675318208116,2.5,10.55940990209448
34.96,10,55.56634726388408,2.5,9.220378707216488
34.97,10,56.123209709975875,2.5,9.778614473967494
34.98,10,55.31398568361282,2.5,8.970762367034938
34.99,10,55.88786381355283,2.5,9.546011016606611
35.0,10,56.08484110745217,0.0,9.744357431766812
35.01,10,56.298443866164334,0.0,9.910188748129421
35.02,10,56.909662841148574,0.0,10.475302279668636
35.03,10,56.08494150353713,0.0,9.60606249398714
35.04,10,56.66126155441453,0.0,10.13937586430711
35.05,10,55.35726023019171,0.0,8.793807994371768
35.06,10,56.146638346359985,0.0,9.54299149035138
35.07,10,55.35282740114613,0.0,8.71029290086625
35.08,10,56.351485865498056,0.0,9.671308851161069
35.09,10,56.27749458783746,0.0,9.560861299493565
35.1,10,56.66987023564746,0.0,9.917910837450327
35.11,10,56.81089426103891,0.0,10.024685520994012
35.12,10,56.08748174352865,0.0,9.268049585152168
35.13,10,56.429858769713455,0.0,9.578180701724602
35.14,10,55.28148122632496,0.0,8.398488656200934
35.15,10,56.22262324209216,0.0,9.309203679037969
35.16,10,55.48484399019381,0.0,8.541843142812601
35.17,10,56.73250799506087,0.0,9.760731768757239
35.18,10,56.31169621503562,0.0,9.311912613945365
35.19,10,56.85988120153155,0.0,9.832822139541745
35.2,10,56.48654112414084,0.0,9.432904149344136
35.21,10,56.00083770594275,0.0,8.921287642665808
35.22,10,56.14612225019247,0.0,9.041292762536386
35.23,10,55.341446346294,0.0,8.211941426939688
35.24,10,56.35035083480302,0.0,9.196746222653442
35.25,10,55.71573180659147,0.0,8.538576336652214
35.26,10,57.03381481795693,0.0,9.833631706694227
35.27,10,56.31831975433638,0.0,9.095607823596259
35.28,10,56.89569181506874,0.0,9.650926657494836
35.29,10,56.13585960552411,0.0,8.869494694269632
35.3,10,55.960027858864684,0.0,8.672495604261993
35.31,10,55.95004337582241,0.0,8.641756131544952
35.32,10,55.57177390483245,0.0,8.243124925963272
35.33,10,56.562275346708326,0.0,9.213639702014905
35.34,10,56.05314452516402,0.0,8.68487996576715
35.35,10,57.23877536095106,0.0,9.851223147472922
35.36,10,56.23784583570937,0.0,8.831331525884918
35.37,10,56.85925917422424,0.0,9.434093372866199
35.38,10,55.8081726094122,0.0,8.364651682528978
35.39,10,55.9719758524699,0.0,8.510382607249378
35.4,10,55.78558433413153,0.0,8.30618866642338
35.41,10,55.848380101312095,0.0,8.351439612161142
35.42,10,56.67095862646147,0.0,9.156719209171966
35.43,10,56.3018561271203,0.0,8.770552526259497
35.44,10,57.24846839325451,0.0,9.70032473693701
35.45,10,56.08370649500441,0.0,8.518936801734531
35.46,10,56.711097735354585,0.0,9.12990639664211
35.47,10,55.554364392761336,0.0,7.956946632669897
35.48,10,56.09772124389719,0.0,8.484263556626686
35.49,10,55.8309402350676,0.0,8.201620801621223
35.5,10,56.31726536180651,0.0,8.672254446742386
35.51,10,56.808084620383305,0.0,9.147544949601757
35.52,10,56.528622130523935,0.0,8.852709250997863
35.53,10,57.10863396511807,0.0,9.417496587429026
35.54,10,55.88098244611329,0.0,8.174762770614862
35.55,10,56.52524783198516,0.0,8.804081859377272
35.56,10,55.35386240668202,0.0,7.617880233739833
35.57,10,56.317668157432806,0.0,8.56699425860135
35.58,10,55.948997692956006,0.0,8.18375118848488
35.59,10,56.75964408774575,0.0,8.97993899900813
35.6,10,56.86363612112162,0.0,9.069581613729705
35.61,10,56.68788875215519,0.0,8.879589367455463
35.62,10,56.86519174301306,0.0,9.04274761851701
35.63,10,55.782636239813854,0.0,7.946143319092974
35.64,10,56.41993842981058,0.0,8.569488662358625
35.65,10,55.404750002401606,0.0,7.540431533944771
35.66,10,56.62692405528169,0.0,8.748821408992704
35.67,10,56.10583788599293,0.0,8.214032135043364
35.68,10,57.1143742238096,0.0,9.208943155675449
35.69,10,56.71545924462098,0.0,8.79647751753503
35.7,10,56.6427171793591,0.0,8.71025647128518
35.71,10,56.42717745181065,0.0,8.481306602298444
35.72,10,55.670887284164756,0.0,7.7116724294238574
35.73,10,56.2435855215029,0.0,8.271090223021517
35.74,10,55.55514990165039,0.0,7.569435268666873
35.75,10,56.86084615000323,0.0,8.861970956123686
35.76,10,56.255436102691036,0.0,8.243456896933626
35.77,10,57.291570247293706,0.0,9.26654145982569
35.78,10,56.469344445285756,0.0,8.431318488107205
35.79,10,56.584922096213866,0.0,8.533949459028948
35.8,10,56.118455925968014,0.0,8.05458526747428
35.81,10,55.778522838272984,0.0,7.701801073088493
35.82,10,56.31031036092803,0.0,8.220782742362996
35.83,10,55.8855637411086,0.0,7.783273939981829
35.84,10,57.10841753733832,0.0,8.993407717026884
35.85,10,56.377459080085515,0.0,8.249769967987342
35.86,10,57.35167823297855,0.0,9.211349188560359
35.87,10,56.189922471599516,0.0,8.036991551191813
35.88,10,56.51893438966847,0.0,8.353438408165081
35.89,10,55.80579096776287,0.0,7.627765557370917
35.9,10,55.96636683766274,0.0,7.775846503845746
35.91,10,56.37686078024634,0.0,8.173878954993212
35.92,10,56.28550330322619,0.0,8.070092395775312
35.93,10,57.26698144153416,0.0,9.039172886673066
35.94,10,56.467963065701404,0.0,8.227787369758204
35.95,10,57.27956601395637,0.0,9.027052798593886
35.96,10,55.91970846495418,0.0,7.654886508871124
35.97,10,56.463937583458176,0.0,8.18683486209755
35.98,10,55.64045829269709,0.0,7.351102016057223
35.99,10,56.25621606179532,0.0,7.954632710434388
36.0,10,56.469985710893624,0.0,8.156201070213177
36.01,10,56.66507547496133,0.0,8.339114667852426
36.02,10,57.26469434264474,0.0,8.926581860573789
36.03,10,56.41148910618733,0.0,8.061248838796658
36.04,10,56.97286374229463,0.0,8.610519005588875
36.05,10,55.63295827499891,0.0,7.258531838184442
36.06,10,56.43812488245118,0.0,8.051638993493707
36.07,10,55.633616219397574,0.0,7.2350926293584505
36.08,10,56.62794279925025,0.0,8.217402785459832
36.09,10,56.569234403164614,0.0,8.146698791288937
36.1,10,56.91957874074844,0.0,8.485067925801602
36.11,10,57.030376754379745,0.0,8.583910720732465
36.12,10,56.34137223217288,0.0,7.882970572605187
36.13,10,56.66175972263436,0.0,8.191441656478329
36.14,10,55.48244887727543,0.0,7.00023326769125
36.15,10,56.44686752966059,0.0,7.952772900087131
36.16,10,55.74604402119439,0.0,7.240088571014561
36.17,10,56.99571377176378,0.0,8.477915391221288
36.18,10,56.65304386972583,0.0,8.123420154129578
36.19,10,57.17736098651216,0.0,8.635929249762562
36.2,10,56.84267000086743,0.0,8.28944728833612
36.21,10,56.3480833163225,0.0,7.783086417117807
36.22,10,56.467401637611985,0.0,7.8906470962581245
36.23,10,55.63780786436981,0.0,7.049311991928399
36.24,10,56.672076353561586,0.0,8.071855238222495
36.25,10,56.03201579888657,0.0,7.420085316052892
36.26,10,57.35915180386354,0.0,8.7355276257551
36.27,10,56.64273271172977,0.0,8.00743031652814
36.28,10,57.231509487425136,0.0,8.584544167982347
36.29,10,56.455358257859515,0.0,7.796745129990747
36.3,10,56.276052222972126,0.0,7.605806233352586
36.31,10,56.217035522048214,0.0,7.5351714557335026
36.32,10,55.82996280150843,0.0,7.1364952890957944
36.33,10,56.8289929455876,0.0,8.123936470035385
36.34,10,56.29768470364472,0.0,7.581053606766245
36.35,10,57.47117156762449,0.0,8.742980056272803
36.36,10,56.469267279446925,0.0,7.7295294314038365
36.37,10,57.08378977991648,0.0,8.332519549500724
36.38,10,56.02338019389698,0.0,7.260591417305177
36.39,10,56.21817293144409,0.0,7.443879331837075
36.4,10,56.05318686706713,0.0,7.267402059413243
36.41,10,56.15594873973251,0.0,7.358686235420223
36.42,10,56.978671970545825,0.0,8.169945181776631
36.43,10,56.59337343966416,0.0,7.773195683635744
36.44,10,57.528827289343724,0.0,8.697211792233876
36.45,10,56.35314908316723,0.0,7.510108983928004
36.46,10,57.015535241067816,0.0,8.16108359503885
36.47,10,55.84407204276611,0.0,6.978221825115526
36.48,10,56.41757873667452,0.0,7.5403428456763235
36.49,10,56.12362309747008,0.0,7.235014357625356
36.5,10,56.61916213962014,0.0,7.719193304629308
36.51,10,57.152369449348555,0.0,8.241053204942675
36.52,10,56.84483320289464,0.0,7.9221821695314345
36.53,10,57.42293085599979,0.0,8.488957591431529
36.54,10,56.20478094789501,0.0,7.259497949614462
36.55,10,56.818250303558365,0.0,7.861670011128084
36.56,10,55.6414021478773,0.0,6.673536945148218
36.57,10,56.620398682225556,0.0,7.641260899450052
36.58,10,56.19504943133318,0.0,7.204651347178005
36.59,10,57.02748699200596,0.0,8.025840835469081
36.6,10,57.132137641192365,0.0,8.11925559342899
36.61,10,56.95726451239387,0.0,7.9331587084556325
36.62,10,57.125844193292856,0.0,8.09052672378451
36.63,10,56.03240921646558,0.0,6.985892129123236
36.64,10,56.65443504692363,0.0,7.596730348117716
36.65,10,55.675521937682774,0.0,6.60664159384979
36.66,10,56.886321265077285,0.0,7.806277204084159
36.67,10,56.37521315116779,0.0,7.284017263611055
36.68,10,57.36773748263845,0.0,8.2654016230819
36.69,10,56.99602560259624,0.0,7.88256159075021
36.7,10,56.977984167994535,0.0,7.8534037898394615
36.71,10,56.816286707783036,0.0,7.680601716639394
36.72,10,56.05042795973322,0.0,6.903650077281296
36.73,10,56.64678122139448,0.0,7.4889221386459255
36.74,10,55.87651076045957,0.0,6.707582138682832
36.75,10,57.231082529501606,0.0,8.051096001103737
36.76,10,56.6236118558072,0.0,7.432579025174172
36.77,10,57.659792366428725,0.0,8.45772481072615
36.78,10,56.87684901122662,0.0,7.663758281162818
36.79,10,57.0313823987853,0.0,7.807280019337954
36.8,10,56.525136965209605,0.0,7.290034436318807
36.81,10,56.18365734650729,0.0,6.93756614373584
36.82,10,56.70640245373807,0.0,7.449334028900548
36.83,10,56.313413020276386,0.0,7.045378802039066
36.84,10,57.57904680359469,0.0,8.300058198046813
36.85,10,56.86259797217587,0.0,7.572666363374692
36.86,10,57.786334908314416,0.0,8.485471658804421
36.87,10,56.64643885170201,0.0,7.3346553030101465
36.88,10,56.98101917977061,0.0,7.658326652877942
36.89,10,56.2519151250877,0.0,6.918324920879341
36.9,10,56.39054289885509,0.0,7.04606629854943
36.91,10,56.767485674946606,0.0,7.4121339405038045
36.92,10,56.709383117574504,0.0,7.343167492086975
36.93,10,57.69791412035638,0.0,8.320845828420243
36.94,10,56.897237579893655,0.0,7.509327827963765
36.95,10,57.64151847775729,0.0,8.242778454485066
36.96,10,56.29760463410158,0.0,6.888045510657945
36.97,10,56.888286376173326,0.0,7.4679193065561815
36.98,10,56.090463117256284,0.0,6.659299238584209
36.99,10,56.65783328245846,0.0,7.215883715250777
37.0,10,56.84145903038409,0.0,7.388734878827971
37.01,10,57.008031802999454,0.0,7.544544155204944
37.02,10,57.62004260031532,0.0,8.145802528558534
37.03,10,56.78956208528168,0.0,7.30458064623736
37.04,10,57.34860638304585,0.0,7.852894618008657
37.05,10,56.03073460228213,0.0,6.5243035373784934
37.06,10,56.838098158475304,0.0,7.3209588048652785
37.07,10,56.046444152626805,0.0,6.5186075066971885
37.08,10,57.05715643017047,0.0,7.518633473718617
37.09,10,56.983052900021484,0.0,7.4338546004316415
37.1,10,57.3404069587653,0.0,7.780544269176547
37.11,10,57.47993050495308,0.0,7.909414364419829
37.12,10,56.79011499551602,0.0,7.208956329161396
37.13,10,57.13449061878265,0.0,7.542700337945253
37.14,10,56.034043823499296,0.0,6.431632825873224
37.15,10,57.02320827419232,0.0,7.41018744396115
37.16,10,56.27802866488837,0.0,6.6544088728532085
37.17,10,57.52438534437537,0.0,7.890177448077417
37.18,10,57.10699474070866,0.0,7.46220958454641
37.19,10,57.64236619568181,0.0,7.987014611023119
37.2,10,57.28570244071763,0.0,7.619795246006827
37.21,10,56.74940947522852,0.0,7.072957476089404
37.22,10,56.894078338711644,0.0,7.207092328045307
37.23,10,56.08304098152644,0.0,6.3855317396058
37.24,10,57.139428756051785,0.0,7.431407050611522
37.25,10,56.539817536284545,0.0,6.821294122607342
37.26,10,57.81700644661072,0.0,8.08799206761038
37.27,10,57.100029981591646,0.0,7.360535367891908
37.28,10,57.7039054868248,0.0,7.953941356835895
37.29,10,56.913543717566895,0.0,7.153120777558046
37.3,10,56.72225183869656,0.0,6.951380782866176
37.31,10,56.67457878275697,0.0,6.893270293299741
37.32,10,56.28502532016038,0.0,6.493290067331765
37.33,10,57.27884389849817,0.0,7.476692540676206
37.34,10,56.75555845598621,0.0,6.943001639731058
37.35,10,57.95420374039085,0.0,8.131252100501952
37.36,10,56.97099756589608,0.0,7.137661725466856
37.37,10,57.5981200153802,0.0,7.754410585851017
37.38,10,56.51613165113558,0.0,6.662059232344676
37.39,10,56.73472040312996,0.0,6.870295583362166
37.4,10,56.524993212764066,0.0,6.650226568797828
37.41,10,56.610154997519516,0.0,6.725057094672402
37.42,10,57.41233084873299,0.0,7.516912240905247
37.43,10,57.028428055988506,0.0,7.12269928570525
37.44,10,58.00022755620649,0.0,8.08419915465822
37.45,10,56.85833149164004,0.0,6.932013978721978
37.46,10,57.51472085612773,0.0,7.5781247404774295
37.47,10,56.32267476815793,0.0,6.375810547192049
37.48,10,56.93248549720204,0.0,6.9753636571513455
37.49,10,56.605576866606135,0.0,6.638207882549894
37.5,10,57.11160810387483,0.0,7.134002439773733
37.51,10,57.64044347894104,0.0,7.652611587669008
37.52,10,57.361854281930974,0.0,7.363806605306101
37.53,10,57.92134597059166,0.0,7.913092939406368
37.54,10,56.716948395879626,0.0,6.698500429929341
37.55,10,57.32895438028938,0.0,7.300321888401086
37.56,10,56.150366520175716,0.0,6.111559900234874
37.57,10,57.08531255325282,0.0,7.0363421922300695
37.58,10,56.67544745173874,0.0,6.61632372571566
37.59,10,57.47891480028087,0.0,7.40964807447496
37.6,10,57.59315156674846,0.0,7.513752195537506
37.61,10,57.39053156443745,0.0,7.301009891383062
37.62,10,57.56388233858054,0.0,7.4642486964513495
37.63,10,56.48379253505291,0.0,6.374057245846921
37.64,10,57.12873204166218,0.0,7.008905416628786
37.65,10,56.1678649968028,0.0,6.037957336464081
37.66,10,57.37555615083278,0.0,7.235577745004143
37.67,10,56.84453395886348,0.0,6.694495086674135
37.68,10,57.87934414929352,0.0,7.719255079206363
37.69,10,57.49915592641604,0.0,7.3290269162470105
37.7,10,57.45453642218278,0.0,7.274377719119826
37.71,10,57.25592450511514,0.0,7.065746345736769
37.72,10,56.48389337329297,0.0,6.283705983586562
37.73,10,57.09093412306357,0.0,6.880747718443127
37.74,10,56.400591008656484,0.0,6.180415793979965
37.75,10,57.72032267361631,0.0,7.490168843202976
37.76,10,57.0767625200215,0.0,6.83664025766847
37.77,10,58.13294663653314,0.0,7.882866115532031
37.78,10,57.33433472869953,0.0,7.074306111852796
37.79,10,57.43265571034414,0.0,7.1626891499807455
37.8,10,56.9042273330693,0.0,6.624332971060533
37.81,10,56.54296725711593,0.0,6.253155224890738
37.82,10,57.05568152640688,0.0,6.755961944966998
37.83,10,56.6926333327406,0.0,6.383016312675575
37.84,10,57.94340928339647,0.0,7.623904924898502
37.85,10,57.205320748888106,0.0,6.875939141766112
37.86,10,58.15512619363768,0.0,7.815877417332098
37.87,10,56.988948793276414,0.0,6.639842916872963
37.88,10,57.34673532483524,0.0,6.98778240707907
37.89,10,56.65386640523913,0.0,6.285076494548463
37.9,10,56.78786968577377,0.0,6.409252820253374
37.91,10,57.15636764012407,0.0,6.7679338475789566
37.92,10,57.0509830987341,0.0,6.652742396682481
37.93,10,58.05649371086492,0.0,7.648456106551741
37.94,10,57.261511769030044,0.0,6.843687259439554
37.95,10,58.05569863440871,0.0,7.6280972062775065
37.96,10,56.704977916920484,0.0,6.26760954675026
37.97,10,57.267261863653836,0.0,6.820136517723978
37.98,10,56.455917587861364,0.0,5.999045222241415
37.99,10,57.08958606395585,0.0,6.622976624517881
38.0,10,57.24537778221054,0.0,6.769041204641387
38.01,10,57.43685617912338,0.0,6.950802388936945
38.02,10,58.046072240959596,0.0,7.5503111535087575
38.03,10,57.2198002140229,0.0,6.714341734511628
38.04,10,57.786498529488846,0.0,7.271352552983951
38.05,10,56.42661703284404,0.0,5.9017934442871685
38.06,10,57.2061554160022,0.0,6.6716640902213085
38.07,10,56.39790337524272,0.0,5.853754176964094
38.08,10,57.37864022079977,0.0,6.824843004659111
38.09,10,57.284925431211946,0.0,6.721490041766295
38.1,10,57.65025093490178,0.0,7.077187206640692
38.11,10,57.76343096439302,0.0,7.180748721749964
38.12,10,57.05495311132564,0.0,6.462662168689456
38.13,10,57.39699350098046,0.0,6.79510366270628
38.14,10,56.24487220325966,0.0,5.633393263680519
38.15,10,57.20714523855858,0.0,6.58608698199614
38.16,10,56.46629254275125,0.0,5.835664743527078
38.17,10,57.73413090659508,0.0,7.093943329041626
38.18,10,57.34567234641658,0.0,6.6959347448881115
38.19,10,57.86983098792541,0.0,7.210553106808985
38.2,10,57.5121647051304,0.0,6.843356278856657
38.21,10,56.99631594554778,0.0,6.317986698601725
38.22,10,57.137970268711065,0.0,6.450129915643185
38.23,10,56.33259223177334,0.0,5.635250477209807
38.24,10,57.359966480726946,0.0,6.653133019380787
38.25,10,56.714144477783044,0.0,5.997828994464551
38.26,10,58.043764739292726,0.0,7.317976908920292
38.27,10,57.36927839606204,0.0,6.634027883672439
38.28,10,57.9766888589634,0.0,7.231985319722627
38.29,10,57.20958477959228,0.0,6.455437858806025
38.3,10,57.0095787084304,0.0,6.245998041554311
38.31,10,56.959659877644775,0.0,6.186655090295152
38.32,10,56.56701925570794,0.0,5.784599963672218
38.33,10,57.54605398833314,0.0,6.7542297975800265
38.34,10,57.026192437443704,0.0,6.224972944133672
38.35,10,58.24334272447469,0.0,7.432737514970542
38.36,10,57.240284108858624,0.0,6.420302759735394
38.37,10,57.84699596505213,0.0,7.01764804310769
38.38,10,56.79551219271167,0.0,5.956807254976986
38.39,10,57.00042063556145,0.0,6.152368229310494
38.4,10,56.79912154651458,0.0,5.941731209275044
38.41,10,56.85831004925252,0.0,5.991591308815652
38.42,10,57.676588448481674,0.0,6.800550822912522
38.43,10,57.302799239634375,0.0,6.417452237281987
38.44,10,58.24418705482601,0.0,7.349540174333547
38.45,10,57.07769849887356,0.0,6.173761229188509
38.46,10,57.69823290107617,0.0,6.785014721460175
38.47,10,56.508750363454695,0.0,5.5862607434939076
38.48,10,57.10218553565787,0.0,6.170433935272801
38.49,10,56.78139674759531,0.0,5.840392617050996
38.5,10,57.30470383950006,0.0,6.354456619415925
38.51,10,57.79862417602875,0.0,6.839143297388751
38.52,10,57.4905101580056,0.0,6.521805042168156
38.53,10,58.080197359701515,0.0,7.102277418409455
38.54,10,56.89669137477316,0.0,5.909566010163708
38.55,10,57.50171777283781,0.0,6.505396377452307
38.56,10,56.30334199562638,0.0,5.297833952420588
38.57,10,57.252405317785865,0.0,6.237720000139435
38.58,10,56.83482790437491,0.0,5.810974676101585
38.59,10,57.69001847174958,0.0,6.657006687106751
38.6,10,57.79378854155577,0.0,6.751627545254782
38.61,10,57.62619469647823,0.0,6.574893823693763
38.62,10,57.79839284534384,0.0,6.7379614217240595
38.63,10,56.72114787796234,0.0,5.651595219638284
38.64,10,57.35121687585513,0.0,6.2725522894510135
38.65,10,56.364482367812556,0.0,5.276715150455241
38.66,10,57.59527735442118,0.0,6.498416793749926
38.67,10,57.08991735642394,0.0,5.983972730600316
38.68,10,58.052591151113695,0.0,6.937571728831204
38.69,10,57.6553278777187,0.0,6.531242918212597
38.7,10,57.5964518970348,0.0,6.463310650091545
38.71,10,57.41452620226822,0.0,6.2723379082355475
38.72,10,56.66883647709727,0.0,5.517610366893744
38.73,10,57.26889706620645,0.0,6.108642361330894
38.74,10,56.52288494020026,0.0,5.353610852741605
38.75,10,57.852069391725074,0.0,6.673785124372266
38.76,10,57.23001756917166,0.0,6.042732315222824
38.77,10,58.27278288341984,0.0,7.0765058267921965
38.78,10,57.458216453506395,0.0,6.2529567687458085
38.79,10,57.581683610947174,0.0,6.367450463237692
38.8,10,57.061060499866485,0.0,5.837863045040093
38.81,10,56.707174321789545,0.0,5.475021706335553
38.82,10,57.20729988062061,0.0,5.966201241695291
38.83,10,56.82428750037599,0.0,5.574251965812044
38.84,10,58.05904605984895,0.0,6.800082748165421
38.85,10,57.323889047946466,0.0,6.0560070683577925
38.86,10,58.24392151930914,0.0,6.967129971734864
38.87,10,57.10738869541481,0.0,5.8216966704892466
38.88,10,57.44140707742228,0.0,6.146823656503741
38.89,10,56.71550370009837,0.0,5.412037955278838
38.9,10,56.83010011705723,0.0,5.51776111117185
38.91,10,57.24656773274983,0.0,5.92536451938618
38.92,10,57.13141864549102,0.0,5.8013602689987245
38.93,10,58.12414659544704,0.0,6.785242090947357
38.94,10,57.344021209558534,0.0,5.996279602953423
38.95,10,58.10715982231701,0.0,6.7505901302987805
38.96,10,56.805021022759504,0.0,5.439632252820331
38.97,10,57.36930950744538,0.0,5.99511065788641
38.98,10,56.54653576951944,0.0,5.163535829460437
38.99,10,57.12728844334705,0.0,5.735496392735697
39.0,10,57.330253155056816,0.0,5.92967796467818
39.01,10,57.526428203873806,0.0,6.117078835359404
39.02,10,58.14417564301659,0.0,6.7260610488540635
39.03,10,57.3326406957354,0.0,5.905769819277714
39.04,10,57.907605308881266,0.0,6.471987084356113
39.05,10,56.53587877631366,0.0,5.091522128832648
39.06,10,57.32095623306552,0.0,5.86787007863356
39.07,10,56.50282168854926,0.0,5.0410149340739325
39.08,10,57.47938773073787,0.0,6.008869274038626
39.09,10,57.4246844192581,0.0,5.945463149075608
39.1,10,57.82146683647044,0.0,6.333551632475786
39.11,10,57.974295381214446,0.0,6.4776951140185774
39.12,10,57.28227376455877,0.0,5.776997295721354
39.13,10,57.62786284741785,0.0,6.113919029456884
39.14,10,56.47633630945382,0.0,4.953733985854852
39.15,10,57.43383132591991,0.0,5.90257933114501
39.16,10,56.689203241868924,0.0,5.149310401366076
39.17,10,57.933178428216586,0.0,6.384653558428935
39.18,10,57.5342241834874,0.0,5.977076091862194
39.19,10,58.052426623806966,0.0,6.486664108805141
39.2,10,57.65965600121431,0.0,6.085287852319344
39.21,10,57.1713041182809,0.0,5.588339116008021
39.22,10,57.29618028196892,0.0,5.704627197874317
39.23,10,56.503732336788566,0.0,4.903599933478697
39.24,10,57.54246477479555,0.0,5.9337618059358554
39.25,10,56.916070698020434,0.0,5.298805908344908
39.26,10,58.23589819190951,0.0,6.61008031722958
39.27,10,57.51994008460772,0.0,5.885577851821317
39.28,10,58.10377061300465,0.0,6.4608727401055255
39.29,10,57.35192492066698,0.0,5.70050011675357
39.3,10,57.15760057726093,0.0,5.497657542545619
39.31,10,57.14878547072333,0.0,5.48033289654132
39.32,10,56.7706928461185,0.0,5.093739414937048
39.33,10,57.781242758174024,0.0,6.095797143601357
39.34,10,57.2496569245755,0.0,5.555727791370005
39.35,10,58.446643411019544,0.0,6.744239415098682
39.36,10,57.46130710515477,0.0,5.750436893604146
39.37,10,58.06755642311986,0.0,6.348228634202275
39.38,10,57.00899921186716,0.0,5.281222475031405
39.39,10,57.19039082720073,0.0,5.454173763090906
39.4,10,57.02479972312181,0.0,5.280150943586089
39.41,10,57.09132666810613,0.0,5.338254776205751
39.42,10,57.911395431830925,0.0,6.149909021849248
39.43,10,57.51961266038224,0.0,5.749720317833753
39.44,10,58.481102637129375,0.0,6.70281293876836
39.45,10,57.29769070526736,0.0,5.511012219097183
39.46,10,57.94330225015768,0.0,6.148243535439366
39.47,10,56.72961631452592,0.0,4.926185921787501
39.48,10,57.31924178382507,0.0,5.507448254870203
39.49,10,57.007456430030864,0.0,5.187308297947654
39.5,10,57.49792268240635,0.0,5.669428471576501
39.51,10,57.9920485382485,0.0,6.155216764356108
39.52,10,57.672791368968305,0.0,5.827630539008588
39.53,10,58.29528948580908,0.0,6.441808098097523
39.54,10,57.10848541677527,0.0,5.246691960956148
39.55,10,57.71177938283631,0.0,5.841682339891811
39.56,10,56.534382237183266,0.0,4.655990079442312
39.57,10,57.53020816807024,0.0,5.643529359217132
39.58,10,57.11958689713381,0.0,5.224629892217096
39.59,10,57.932316237544384,0.0,6.02908948298591
39.6,10,58.025721298938514,0.0,6.114233232541887
39.61,10,57.89583830970531,0.0,5.976097360664922
39.62,10,58.06385277756843,0.0,6.13586736647808
39.63,10,56.992309771154574,0.0,5.056088310016479
39.64,10,57.60112745313068,0.0,5.6566783453641145
39.65,10,56.620121220447786,0.0,4.667452860897582
39.66,10,57.81435714058857,0.0,5.85347791553436
39.67,10,57.30843952012702,0.0,5.339357807291616
39.68,10,58.27895878238264,0.0,6.301682950940815
39.69,10,57.9072362534849,0.0,5.92177466407229
39.7,10,57.86978819083465,0.0,5.876149195556321
39.71,10,57.66471008662782,0.0,5.662902029066913
39.72,10,56.87638312978093,0.0,4.866414345007562
39.73,10,57.47056673980894,0.0,5.452445554388616
39.74,10,56.76722356946264,0.0,4.740958301465283
39.75,10,58.12254501092397,0.0,6.088143969932183
39.76,10,57.46041671515176,0.0,5.4178882022699115
39.77,10,58.513578699086764,0.0,6.462931006949257
39.78,10,57.67008017169771,0.0,5.611321584477716
39.79,10,57.800420940993526,0.0,5.733559734411953
39.8,10,57.29200876670928,0.0,5.217053208042869
39.81,10,56.97307781373159,0.0,4.89003616182199
39.82,10,57.480959029171245,0.0,5.389839534433354
39.83,10,57.0608848414151,0.0,4.961695745845704
39.84,10,58.29413812512893,0.0,6.18688766231538
39.85,10,57.54785714751079,0.0,5.432553542639483
39.86,10,58.51799517765651,0.0,6.394646647521577
39.87,10,57.35603021305162,0.0,5.224644966063283
39.88,10,57.726752105106506,0.0,5.58733834129983
39.89,10,57.002592755953,0.0,4.85515866699646
39.9,10,57.113062332216984,0.0,4.957616101420834
39.91,10,57.50208705442459,0.0,5.338636856749403
39.92,10,57.41297312110531,0.0,5.24152712317074
39.93,10,58.424187359039074,0.0,6.244753719132106
39.94,10,57.59774781344527,0.0,5.410334681528766
39.95,10,58.41477338166983,0.0,6.219388899391092
39.96,10,57.103125954158095,0.0,4.899778254857406
39.97,10,57.67227760125168,0.0,5.460974809970497
39.98,10,56.86694152815112,0.0,4.647691761641013
39.99,10,57.44588223328877,0.0,5.218693600019455
40.0,10,57.599460588671256,2.5,5.364341188839227
40.01,10,57.79497958475461,2.5,5.601076676958178
40.02,10,58.39497291180416,2.5,6.2406271852953745
40.03,10,57.61696030528305,2.5,5.500591446019756
40.04,10,58.17390122278416,2.5,6.0940041377692875
40.05,10,56.81844135096796,2.5,4.773582573062013
40.06,10,57.619314071509116,2.5,5.6081283360904095
40.07,10,56.80929653684668,2.5,4.830483522103749
40.08,10,57.81351518950516,2.5,5.865836412540465
40.09,10,57.726040231116365,2.5,5.80831609241411
40.1,10,58.13396965232681,2.5,6.2450766214919105
40.11,10,58.24857615222378,2.5,6.387444088240981
40.12,10,57.51416519662681,2.5,5.6797747962083145
40.13,10,57.85343142148665,2.5,6.044811789387167
40.14,10,56.72461354809418,2.5,4.9408398835623375
40.15,10,57.65739033524707,2.5,5.897581729062741
40.16,10,56.9452298282913,2.5,5.208547165102095
40.17,10,58.186771053575974,2.5,6.472415014500945
40.18,10,57.79068303794731,2.5,6.097892198653774
40.19,10,58.26853407800056,2.5,6.596583097691286
40.2,10,57.91797896779769,2.5,6.266176864762794
40.21,10,57.41561415730373,2.5,5.783302666899887
40.22,10,57.560185771074046,2.5,5.946737782190304
40.23,10,56.72674408322048,2.5,5.1315621494799535
40.24,10,57.78391030726361,2.5,6.2064252293881195
40.25,10,57.15761437479371,2.5,5.597283850729738
40.26,10,58.48861942508802,2.5,6.944926764655954
40.27,10,57.760986822564014,2.5,6.233439723545269
40.28,10,58.33498319376866,2.5,6.823112576495148
40.29,10,57.59560889984546,2.5,6.098967797493949
40.3,10,57.42208356310717,2.5,5.9402460650369955
40.31,10,57.385270191882384,2.5,5.917830437479939
40.32,10,56.99833739669507,2.5,5.54490861731202
40.33,10,57.96353599904989,2.5,6.523749605735297
40.34,10,57.42062599652909,2.5,5.99413071136718
40.35,10,58.63376969640987,2.5,7.220230725378802
40.36,10,57.61677587477973,2.5,6.215874120146783
40.37,10,58.19889136820209,2.5,6.810322678565618
40.38,10,57.147673570607274,2.5,5.771148026785326
40.39,10,57.315431335963105,2.5,5.9506725710162875
40.4,10,57.134327218057216,2.5,5.781071769813446
40.41,10,57.21371506723784,2.5,5.87171176176534
40.42,10,58.01460867044151,2.5,6.683618034991362
40.43,10,57.63091201574259,2.5,6.310705719751878
40.44,10,58.60669686673829,2.5,7.297057189552397
40.45,10,57.39932303224758,2.5,6.100042356284455
40.46,10,58.07154484358541,2.5,6.782425171726531
40.47,10,56.83847233830984,2.5,5.559324834358663
40.48,10,57.4783562075148,2.5,6.209000758620759
40.49,10,57.19239242039955,2.5,5.932657220397506
40.5,10,57.70461694832448,2.5,6.454338100990403
40.51,10,58.20164580291348,2.5,6.9606669441830515
40.52,10,57.960829290378136,2.5,6.729001228623404
40.53,10,58.50707411405911,2.5,7.284254487559176
40.54,10,57.29064483877811,2.5,6.076697789561894
40.55,10,57.90340079209303,2.5,6.698196655372162
40.56,10,56.70264573948078,2.5,5.50606074792667
40.57,10,57.64879258744358,2.5,6.460708589599847
40.58,10,57.227359420448884,2.5,6.0476636126031
40.59,10,58.031267293994794,2.5,6.85985196486601
40.6,10,58.118374442362025,2.5,6.955136729991962
40.61,10,57.954816538840994,2.5,6.799658199105323
40.62,10,58.124734070846735,2.5,6.97756125703091
40.63,10,57.09482260885209,2.5,5.955545661763093
40.64,10,57.69932502139133,2.5,6.567858269501691
40.65,10,56.69354392770392,2.5,5.569805496847962
40.66,10,57.89725735858986,2.5,6.781168990756734
40.67,10,57.40797314888318,2.5,6.299460029670456
40.68,10,58.40398227079472,2.5,7.302972865109718
40.69,10,58.063198692124956,2.5,6.969624587738847
40.7,10,58.00140770812799,2.5,6.915203466707647
40.71,10,57.788176098026305,2.5,6.709279113286603
40.72,10,57.00918677748383,2.5,5.9375371401197246
40.73,10,57.58430983700102,2.5,6.519850206075307
40.74,10,56.86607467122764,2.5,5.808750151706257
40.75,10,58.199650103363346,2.5,7.149408129503764
40.76,10,57.571354226116824,2.5,6.528144450430466
40.77,10,58.61602993935367,2.5,7.579804126875285
40.78,10,57.821519195683926,2.5,6.7922311232945045
40.79,10,57.92802201642575,2.5,6.90562737698755
40.8,10,57.41357514799226,2.5,6.39803145906566
40.81,10,57.03260383387289,2.5,6.023870350796315
40.82,10,57.54162654413146,2.5,6.539664177255735
40.83,10,57.136701223246384,2.5,6.141472459124663
40.84,10,58.3839641630901,2.5,7.395432989435008
40.85,10,57.66225828496155,2.5,6.680390119188563
40.86,10,58.59077768527937,2.5,7.615539306465842
40.87,10,57.43855840193361,2.5,6.469917886029327
40.88,10,57.76951718995635,2.5,6.807443848091199
40.89,10,57.04292337729104,2.5,6.087387697031015
40.9,10,57.19420592614777,2.5,6.245179515558418
40.91,10,57.61929008501966,2.5,6.676745619403175
40.92,10,57.57489412811053,2.5,6.638805299288334
40.93,10,58.59813264186809,2.5,7.668474109887592
40.94,10,57.783356444588655,2.5,6.860103791737764
40.95,10,58.57773269043864,2.5,7.6608623774582165
40.96,10,57.21353511671149,2.5,6.303024441100621
40.97,10,57.787064811181935,2.5,6.882891867495719
40.98,10,57.00344490155639,2.5,6.105588543601075
40.99,10,57.613349050157076,2.5,6.72178885499237
41.0,10,57.81357155598554,2.5,6.92828778964667
41.01,10,58.00350852951334,2.5,7.124482114371827
41.02,10,58.60440735277945,2.5,7.7316198364633415
41.03,10,57.73783418708764,2.5,6.871267712887303
41.04,10,58.27659235550606,2.5,7.416229634193943
41.05,10,56.929440500207384,2.5,6.075264783204864
41.06,10,57.71666603230356,2.5,6.868661086129801
41.07,10,56.91822742283902,2.5,6.076377504780947
41.08,10,57.931788881839346,2.5,7.09607871678433
41.09,10,57.84118446058173,2.5,7.011599218957152
41.1,10,58.25599305389387,2.5,7.4325183306611455
41.11,10,58.394658956903314,2.5,7.577280751555674
41.12,10,57.66379737517184,2.5,6.852502072687673
41.13,10,57.98075301421515,2.5,7.175527366921574
41.14,10,56.81250157198585,2.5,6.01333268228882
41.15,10,57.7667851739621,2.5,6.973660477902161
41.16,10,57.017045522169184,2.5,6.229952773762204
41.17,10,58.268741056586855,2.5,7.48766831291345
41.18,10,57.849506738199345,2.5,7.0744423452068474
41.19,10,58.38831326410971,2.5,7.619245843091994
41.2,10,58.071179076378975,2.5,7.308097511102721
41.21,10,57.541499968975884,2.5,6.784393393421609
41.22,10,57.650306169570264,2.5,6.8991639562591525
41.23,10,56.8581360503863,2.5,6.112947799264724
41.24,10,57.88994046218581,2.5,7.150695990040897
41.25,10,57.295525381923305,2.5,6.562214712303857
41.26,10,58.630627955286,2.5,7.903241308905254
41.27,10,57.9228255739775,2.5,7.2013533595743295
41.28,10,58.512399507408915,2.5,7.796832313045234
41.29,10,57.740629093877665,2.5,7.0309576786517844
41.3,10,57.572459912270816,2.5,6.86867519842659
41.31,10,57.54682084689919,2.5,6.84891391231204
41.32,10,57.15455792567912,2.5,6.462519996700691
41.33,10,58.13568095863857,2.5,7.449503403283496
41.34,10,57.65130164615868,2.5,6.970975967616503
41.35,10,58.8546072286448,2.5,8.180125059101913
41.36,10,57.86303457493898,2.5,7.194387669695153
41.37,10,58.48849293131812,2.5,7.825673163184553
41.38,10,57.433835676681056,2.5,6.7768350306454455
41.39,10,57.59584866898989,2.5,6.944659237136467
41.4,10,57.39028244023975,2.5,6.744896416911642
41.41,10,57.466585995896146,2.5,6.8269956730889705
41.42,10,58.265165701432856,2.5,7.631363464408077
41.43,10,57.86654633914286,2.5,7.238524662250225
41.44,10,58.81090258369777,2.5,8.18865402639784
41.45,10,57.62292629097109,2.5,7.006443494046839
41.46,10,58.26276266141632,2.5,7.652038343366222
41.47,10,57.04648707897171,2.5,6.441514032574232
41.48,10,57.64990990943261,2.5,7.0506809984753405
41.49,10,57.3802902645502,2.5,6.786798420714485
41.5,10,57.92541580080496,2.5,7.337654020699668
41.51,10,58.436700930850826,2.5,7.854662273186969
41.52,10,58.12727493284594,2.5,7.550952515746756
41.53,10,58.70250309053583,2.5,8.1318900889748
41.54,10,57.51191410797572,2.5,6.947003751336524
41.55,10,58.13641707544614,2.5,7.577202645199517
41.56,10,56.96746382494236,2.5,6.413938652433353
41.57,10,57.931290987712345,2.5,7.383448452053123
41.58,10,57.55879168349453,2.5,7.016625209557615
41.59,10,58.35815858218431,2.5,7.82166163869156
41.6,10,58.443931581904856,2.5,7.913097679607328
41.61,10,58.27720948167667,2.5,7.752032171621465
41.62,10,58.43213883276272,2.5,7.912611704642039
41.63,10,57.34673374017693,2.5,6.832850420756058
41.64,10,57.95240073329758,2.5,7.444154884917682
41.65,10,56.98935912790778,2.5,6.486744447059862
41.66,10,58.254829209449255,2.5,7.757839425415978
41.67,10,57.74692878065199,2.5,7.255557654214452
41.68,10,58.75117160051947,2.5,8.265412922725048
41.69,10,58.392772960789515,2.5,7.912620551778756
41.7,10,58.33712465605553,2.5,7.862572363944546
41.71,10,58.11881878432531,2.5,7.649860484141428
41.72,10,57.36104633874139,2.5,6.8976759314095215
41.73,10,57.922981799337,2.5,7.465193210713755
41.74,10,57.19957137555242,2.5,6.747358555506746
41.75,10,58.472148252369145,2.5,8.02550517390607
41.76,10,57.820246172153624,2.5,7.379166830579844
41.77,10,58.867440410717194,2.5,8.431918822846425
41.78,10,58.0654685214444,2.5,7.635498724840007
41.79,10,58.214375133426074,2.5,7.789951185680175
41.8,10,57.698502793484856,2.5,7.279618771531176
41.81,10,57.33119966511495,2.5,6.917849664574222
41.82,10,57.82392927701249,2.5,7.416107411569377
41.83,10,57.397588975694596,2.5,6.995289376503482
41.84,10,58.65150312218658,2.5,8.254719937305957
41.85,10,57.90234823677268,2.5,7.511075630626123
41.86,10,58.819744988752035,2.5,8.433977141614465
41.87,10,57.711014564144506,2.5,7.330745671653132
41.88,10,58.03370129829828,2.5,7.658925570986508
41.89,10,57.304940742061866,2.5,6.935652404914877
41.9,10,57.409146852597424,2.5,7.0453401446293835
41.91,10,57.777528173989914,2.5,7.419197347840308
41.92,10,57.70493417281154,2.5,7.352073494361359
41.93,10,58.70344955702613,2.5,8.356053305031459
41.94,10,57.88739903753858,2.5,7.545461503281786
41.95,10,58.66885857373636,2.5,8.332374060693546
41.96,10,57.36942252807741,2.5,7.038385351601632
41.97,10,57.95872444396363,2.5,7.6331289309828545
41.98,10,57.17596058870239,2.5,6.855801077431692
41.99,10,57.764567189213096,2.5,7.449838028880239
42.0,10,57.9670461806532,2.5,7.657741731237044
42.01,10,58.18721010604963,2.5,7.883324738030942
42.02,10,58.79410873030662,2.5,8.495636824430674
42.03,10,57.963606151067495,2.5,7.670542098117094
42.04,10,58.50297949736128,2.5,8.215317697941165
42.05,10,57.16922977993509,2.5,6.886964644265799
42.06,10,57.95399173847254,2.5,7.677117686193941
42.07,10,57.11745279577243,2.5,6.8459642557567735
42.08,10,58.09227812580706,2.5,7.826169535980305
42.09,10,58.029690749476394,2.5,7.768956556647827
42.1,10,58.44360754036862,2.5,8.18824220006852
42.11,10,58.57141843068965,2.5,8.321416407014379
42.12,10,57.82786215542788,2.5,7.583217920892112
42.13,10,58.18411020924695,2.5,7.9448182446424696
42.14,10,57.021620878361716,2.5,6.787675672623306
42.15,10,57.97161391061656,2.5,7.74300996069322
42.16,10,57.21974602927726,2.5,6.996477840010092
42.17,10,58.49140851116264,2.5,8.27347059516759
42.18,10,58.048322065557585,2.5,7.83570894311434
42.19,10,58.556515282994816,2.5,8.34922148193975
42.2,10,58.247189184540254,2.5,8.04520924016523
42.21,10,57.7307908881475,2.5,7.534119343102575
42.22,10,57.84845929328876,2.5,7.657090697489371
42.23,10,57.02024649914111,2.5,6.834175409679671
42.24,10,58.05963093814137,2.5,7.8788519192028
42.25,10,57.45095662148218,2.5,7.275464244262857
42.26,10,58.792169913388975,2.5,8.621958756019783
42.27,10,58.07531567399758,2.5,7.910380321469837
42.28,10,58.64767459415872,2.5,8.488009638254137
42.29,10,57.88604513001844,2.5,7.731645169241305
42.3,10,57.71809414009405,2.5,7.56895377960691
42.31,10,57.63920484447725,2.5,7.4953186960393285
42.32,10,57.2680480575675,2.5,7.129410739475803
42.33,10,58.283518162676124,2.5,8.150124299709018
42.34,10,57.76641305244557,2.5,7.638257275808847
42.35,10,58.97472977374476,2.5,8.851806721019752
42.36,10,57.98480690268533,2.5,7.867111217780031
42.37,10,58.587574742072746,2.5,8.475101075173956
42.38,10,57.548374456363355,2.5,7.441117463891665
42.39,10,57.71279008094076,2.5,7.610744425507107
42.4,10,57.52322626674786,2.5,7.426386617111737
42.41,10,57.595973886391555,2.5,7.50433491742147
42.42,10,58.42359747834093,2.5,8.337153870975811
42.43,10,58.031836979615896,2.5,7.95058342082865
42.44,10,59.02023557090424,2.5,8.944166753666634
42.45,10,57.86647662756391,2.5,7.795587250812718
42.46,10,58.45833731080476,2.5,8.392622079409547
42.47,10,57.25857765504903,2.5,7.198031279780705
42.48,10,57.876483617733335,2.5,7.821100815234695
42.49,10,57.61313890231784,2.5,7.562914395074583
42.5,10,58.13103888597019,2.5,8.08596740228349
42.51,10,58.611467444184505,2.5,8.571543718144483
42.52,10,58.293038041874674,2.5,8.258256813334743
42.53,10,58.87730590660709,2.5,8.847661921159627
42.54,10,57.71532539102305,2.5,7.6908133999756005
42.55,10,58.300636113520255,2.5,8.281250873872878
42.56,10,57.12164906254967,2.5,7.10738533697303
42.57,10,58.08446595049742,2.5,8.07531850731146
42.58,10,57.70874944697531,2.5,7.704713060129151
42.59,10,58.561180836040016,2.5,8.562250285092048
42.6,10,58.64324609105927,2.5,8.649416161158472
42.61,10,58.50156394855155,2.5,8.512829430418844
42.62,10,58.65370913606522,2.5,8.670064825975931
42.63,10,57.58688915492005,2.5,7.60832985468702
42.64,10,58.201333856885334,2.5,8.22785437384194
42.65,10,57.19970294355351,2.5,7.2312980905379325
42.66,10,58.38604182491225,2.5,8.42270642025201
42.67,10,57.87045290018437,2.5,7.912181767681292
42.68,10,58.86745541265514,2.5,8.91424338157059
42.69,10,58.517850281411114,2.5,8.569692186452377
42.7,10,58.492346855868774,2.5,8.54923753717486
42.71,10,58.27608824404349,2.5,8.338022547172129
42.72,10,57.49384581080016,2.5,7.560818586714948
42.73,10,58.1007710542282,2.5,8.172777159286017
42.74,10,57.37924309809426,2.5,7.456277394032987
42.75,10,58.66890970247374,2.5,8.75096705640067
42.76,10,58.035488286283986,2.5,8.122563570663988
42.77,10,59.0895199996701,2.5,9.181608092314661
42.78,10,58.27101633278092,2.5,8.368112116837043
42.79,10,58.38513994858222,2.5,8.487238312521717
42.8,10,57.890327547257435,2.5,7.997423384866747
42.81,10,57.55580166625875,2.5,7.667889876628576
42.82,10,58.0967322839431,2.5,8.21380777145849
42.83,10,57.704081638132806,2.5,7.826139312463591
42.84,10,58.943369666997064,2.5,9.070404443088254
42.85,10,58.191316261290844,2.5,8.323323059353493
42.86,10,59.1087303367972,2.5,9.245704082299099
42.87,10,57.95731630803511,2.5,8.099251931692157
42.88,10,58.273975826257605,2.5,8.420868264024856
42.89,10,57.5985501713506,2.5,7.750394364413872
42.9,10,57.75793809315181,2.5,7.914728987919338
42.91,10,58.21064375950688,2.5,8.372376307600842
42.92,10,58.118696450063226,2.5,8.285365608311894
42.93,10,59.08246153618015,2.5,9.254062266609775
42.94,10,58.287905896367675,2.5,8.464433166194974
42.95,10,59.07627884591426,2.5,9.257727627538381
42.96,10,57.760363581008804,2.5,7.9467288520039165
42.97,10,58.28630675250398,2.5,8.477583495611828
42.98,10,57.49141657735696,2.5,7.687599780479664
42.99,10,58.0935945151903,2.5,8.294679171382823
43.0,10,58.30179632390085,2.5,8.507777431364289
43.01,10,58.52913613968682,2.5,8.740008701760885
43.02,10,59.12032232979549,2.5,9.336081354951942
43.03,10,58.31104122147219,2.5,8.531681723307763
43.04,10,58.86831898471177,2.5,9.093835981941758
43.05,10,57.482107924105314,2.5,7.71249644055641
43.06,10,58.28071805037463,2.5,8.5159731149786
43.07,10,57.46816891392457,2.5,7.708285560711781
43.08,10,58.45111497674906,2.5,8.696088244841839
43.09,10,58.39598328892586,2.5,8.645808222532137
43.1,10,58.74219591453111,2.5,8.996867562938144
43.11,10,58.87123264210608,2.5,9.13074605967414
43.12,10,58.165421985023315,2.5,8.429772231179461
43.13,10,58.52829571482095,2.5,8.797477854053025
43.14,10,57.35840537965789,2.5,7.632414481508052
43.15,10,58.33087028666589,2.5,8.60970142572499
43.16,10,57.59798181417764,2.5,7.881630070078972
43.17,10,58.82842041994385,2.5,9.116880877357097
43.18,10,58.43594063992629,2.5,8.729208388552049
43.19,10,58.95181688308177,2.5,9.249887017645197
43.2,10,58.60677557717175,2.5,8.909643197416926
43.21,10,58.10837416560715,2.5,8.416034376291318
43.22,10,58.21991251164638,2.5,8.532360422534149
43.23,10,57.40835177132972,2.5,7.7255824971874
43.24,10,58.44540835353225,2.5,8.76741701412219
43.25,10,57.78119403539128,2.5,8.107975755466114
43.26,10,59.10726187740179,2.5,9.438811786698976
43.27,10,58.39526905441757,2.5,8.731582287653488
43.28,10,58.98225254342737,2.5,9.323324240292175
43.29,10,58.20743310136594,2.5,8.55325840651786
43.3,10,58.023453484883895,2.5,8.374027547943694
43.31,10,57.97043185824486,2.5,8.32574983379033
43.32,10,57.60213479176336,2.5,7.962191839323996
43.33,10,58.59926891594021,2.5,8.964060199991799
43.34,10,58.120726198108876,2.5,8.490246888067942
43.35,10,59.32542118368059,2.5,9.699666453899143
43.36,10,58.315444231679265,2.5,8.694409261439413
43.37,10,58.91698624356908,2.5,9.300666217077552
43.38,10,57.843139829997945,2.5,8.231529936381124
43.39,10,58.03851103278015,2.5,8.431606466078447
43.4,10,57.85649942792436,2.5,8.254295387087131
43.41,10,57.97730204755487,2.5,8.37979373643497
43.42,10,58.808429187416884,2.5,9.215611814765607
43.43,10,58.40908113646367,2.5,8.820949915925477
43.44,10,59.373522511430764,2.5,9.790072661538002
43.45,10,58.19394952963963,2.5,8.61517627380727
43.46,10,58.790911643645465,2.5,9.216810210166306
43.47,10,57.582623966556405,2.5,8.013189588595452
43.48,10,58.16294601029066,2.5,8.598173925880163
43.49,10,57.855240630168126,2.5,8.295126082202556
43.5,10,58.35178075071099,2.5,8.796318986941715
43.51,10,58.83223593422036,2.5,9.281422207250701
43.52,10,58.52884676943319,2.5,8.982676336713252
43.53,10,59.12106101116452,2.5,9.579529134986
43.54,10,57.90642269965036,2.5,8.36952464714173
43.55,10,58.55806320299296,2.5,9.025794246114073
43.56,10,57.38514028892274,2.5,7.857495704460174
43.57,10,58.344638928971655,2.5,8.821613998533316
43.58,10,57.94196971886379,2.5,8.423559728874135
43.59,10,58.77727123493353,2.5,9.263471476628387
43.6,10,58.896804816609404,2.5,9.38761058603096
43.61,10,58.71765065150283,2.5,9.213057249494895
43.62,10,58.869839727763804,2.5,9.369842459966438
43.63,10,57.82648793012557,2.5,8.331082106970294
43.64,10,58.44506121639228,2.5,8.95424215309724
43.65,10,57.434132204597475,2.5,7.947895221162161
43.66,10,58.63895271207064,2.5,9.157293133271285
43.67,10,58.10234723479434,2.5,8.625260390178703
43.68,10,59.12007025711379,2.5,9.64755148099641
43.69,10,58.734794121326274,2.5,9.266838752783386
43.7,10,58.708584956850096,2.5,9.245188339714781
43.71,10,58.48726706426976,2.5,9.028424547126978
43.72,10,57.74585077071482,2.5,8.291557706896675
43.73,10,58.31245198010957,2.5,8.862703727690315
43.74,10,57.59971547611554,2.5,8.154507397906576
43.75,10,58.931742697755105,2.5,9.491070161300371
43.76,10,58.30204028231378,2.5,8.865898659884456
43.77,10,59.32327990652693,2.5,9.891664575116991
43.78,10,58.52735849297128,2.5,9.100264834292426
43.79,10,58.68399327072099,2.5,9.261416671197809
43.8,10,58.162378175013934,2.5,8.744314025779163
43.81,10,57.81415844745202,2.5,8.400602144341658
43.82,10,58.35501437758133,2.5,8.945961321129582
43.83,10,57.94961335622269,2.5,8.54505895165748
43.84,10,59.16764996603644,2.5,9.767589623274473
43.85,10,58.430989984361574,2.5,9.035419118003363
43.86,10,59.38668506097066,2.5,9.995599090295991
43.87,10,58.2193709930961,2.5,8.832765342058902
43.88,10,58.54488818528594,2.5,9.162758282509948
43.89,10,57.82223994219884,2.5,8.444581220972216
43.9,10,57.957532927403555,2.5,8.584340825674772
43.91,10,58.321527096576744,2.5,8.952797056949274
43.92,10,58.251830538567546,2.5,8.887558008295207
43.93,10,59.283197084407185,2.5,9.923377515389635
43.94,10,58.467543694973,2.5,9.112172543750626
43.95,10,59.23084071334208,2.5,9.879913441091574
43.96,10,57.92200485445023,2.5,8.575516926979596
43.97,10,58.494118138912334,2.5,9.15206502665622
43.98,10,57.706718969194746,2.5,8.3690961472097
43.99,10,58.30600036674142,2.5,8.972803314701261
44.0,10,58.485573807055125,2.5,9.156798009246124
44.01,10,58.690031407735056,2.5,9.365672353051115
44.02,10,59.306738116929786,2.5,9.986791298867976
44.03,10,58.49088911300164,2.5,9.175350029657265
44.04,10,59.039293675619795,2.5,9.728157829681779
44.05,10,57.71863559308013,2.5,8.411898491826381
44.06,10,58.52584486991116,2.5,9.223502025203722
44.07,10,57.68941849611089,2.5,8.391465424391448
44.08,10,58.650762125290676,2.5,9.357194347575723
44.09,10,58.58574438064993,2.5,9.296557422526131
44.1,10,58.968783480200656,2.5,9.683972871820218
44.11,10,59.124317690444514,2.5,9.843878966520506
44.12,10,58.40985065010335,2.5,9.133779349904932
44.13,10,58.748456850331955,2.5,9.47674851767987
44.14,10,57.61002373388055,2.5,8.342673917142424
44.15,10,58.55198550100225,2.5,9.288989753087993
44.16,10,57.77493646794242,2.5,8.5162903462994
44.17,10,59.01275807256824,2.5,9.758457139176798
44.18,10,58.605203587386924,2.5,9.355243408755843
44.19,10,59.116005278328274,2.5,9.87038142549003
44.2,10,58.751206170151455,2.5,9.509914218657451
44.21,10,58.247191768062685,2.5,9.010227297978773
44.22,10,58.37101934868844,2.5,9.1383779445906
44.23,10,57.58505033977304,2.5,8.35672759074215
44.24,10,58.607824346904415,2.5,9.383815846522165
44.25,10,57.99551120333624,2.5,8.775812549680376
44.26,10,59.30996222277878,2.5,10.094569018418515
44.27,10,58.56395195110435,2.5,9.352859803095697
44.28,10,59.15761991677833,2.5,9.950824436659612
44.29,10,58.39961857742869,2.5,9.197115381215884
44.3,10,58.16949373169233,2.5,8.971278439874613
44.31,10,58.14577734924707,2.5,8.951845586782252
44.32,10,57.770046653072214,2.5,8.580394049382027
44.33,10,58.77533587704166,2.5,9.589958066007279
44.34,10,58.238301316975466,2.5,9.057193936932926
44.35,10,59.46414034931786,2.5,10.287299043053723
44.36,10,58.48326391713762,2.5,9.310684331884081
44.37,10,59.0895601901902,2.5,9.921237977620745
44.38,10,58.015146127393145,2.5,8.851076943618036
44.39,10,58.19483074160103,2.5,9.035010247162788
44.4,10,58.00601794766649,2.5,8.85044180753523
44.41,10,58.06961088184528,2.5,8.9182747654142
44.42,10,58.930259325785364,2.5,9.783158906866571
44.43,10,58.547735772830116,2.5,9.404866729649532
44.44,10,59.48513062561454,2.5,10.346488640807955
44.45,10,58.287032663970635,2.5,9.152613424578925
44.46,10,58.87317223849138,2.5,9.742971435955969
44.47,10,57.678769569667026,2.5,8.552782899825576
44.48,10,58.217796061169174,2.5,9.096019224250934
44.49,10,57.92489547528598,2.5,8.807324175907434
44.5,10,58.471020718759306,2.5,9.357650665919598
44.51,10,58.98990154002414,2.5,9.880728447100612
44.52,10,58.69038182674871,2.5,9.58540141149254
44.53,10,59.277042666269786,2.5,10.176250650801318
44.54,10,58.08653800199067,2.5,8.989930112795191
44.55,10,58.71272248611818,2.5,9.620294454041243
44.56,10,57.54884490918966,2.5,8.460592469432902
44.57,10,58.48318263846542,2.5,9.399101530581852
44.58,10,58.07939395895064,2.5,8.999479926840362
44.59,10,58.940861640447245,2.5,9.865110432352868
44.6,10,59.013649479494404,2.5,9.942056847996884
44.61,10,58.83933732800001,2.5,9.771899030013943
44.62,10,59.00517892572209,2.5,9.941890722491399
44.63,10,57.923633143243606,2.5,8.864490800337059
44.64,10,58.52974164023493,2.5,9.474740927541898
44.65,10,57.5399543539581,2.5,8.489091045683972
44.66,10,58.76441910167053,2.5,9.717688976332429
44.67,10,58.23165870317531,2.5,9.189057543597663
44.68,10,59.23812159263736,2.5,10.199645185947324
44.69,10,58.83104764043377,2.5,9.796691778057165
44.7,10,58.771183888126245,2.5,9.740944365782964
44.71,10,58.58428610746007,2.5,9.558158725159602
44.72,10,57.86017755735951,2.5,8.838158119396896
44.73,10,58.43916775554987,2.5,9.421252070500936
44.74,10,57.715105517573356,2.5,8.701289398290582
44.75,10,59.02297243124271,2.5,10.013251694851029
44.76,10,58.38800981080085,2.5,9.38238027869279
44.77,10,59.41491208897004,2.5,10.413369586801762
44.78,10,58.58582468511709,2.5,9.588365042804025
44.79,10,58.68156993760624,2.5,9.68818898931848
44.8,10,58.15837375386474,2.5,9.169067338023009
44.81,10,57.80547474447544,2.5,8.820238703746636
44.82,10,58.33313018637054,2.5,9.351960367663272
44.83,10,57.910344710762,2.5,8.93323696522233
44.84,10,59.158666508532924,2.5,10.185616691540254
44.85,10,58.416026038183205,2.5,9.447030009345713
44.86,10,59.358777517817025,2.5,10.3938311409674
44.87,10,58.21857160536991,2.5,9.257670748561097
44.88,10,58.55671410124517,2.5,9.599854636745937
44.89,10,57.81834762248717,2.5,8.865525426778039
44.9,10,57.963230507895354,2.5,9.014441461664127
44.91,10,58.345928639333216,2.5,9.401168627470657
44.92,10,58.25837403046544,2.5,9.317638942061103
44.93,10,59.26437221889342,2.5,10.327657947231302
44.94,10,58.4654652024865,2.5,9.532767645040789
44.95,10,59.22130009358149,2.5,10.292615152012246
44.96,10,57.91067188393072,2.5,8.985995464079604
44.97,10,58.49700231252523,2.5,9.576330324411316
44.98,10,57.700647878707706,2.5,8.783976236523173
44.99,10,58.300521549000514,2.5,9.387846171106379
45.0,10,58.49695826097787,0.0,9.5882750698996
45.01,10,58.70168364295695,0.0,9.74784939871386
45.02,10,59.27539301284356,0.0,10.278071040700926
45.03,10,58.45084228888014,0.0,9.41161691330133
45.04,10,58.99798600379008,0.0,9.918366324101626
45.05,10,57.648830236503635,0.0,8.530253722086396
45.06,10,58.43729553233985,0.0,9.281131445973529
45.07,10,57.60495641989722,0.0,8.412509077471896
45.08,10,58.64683119949067,0.0,9.41934307390711
45.09,10,58.583626640813186,0.0,9.322281317519645
45.1,10,58.95147330438844,0.0,9.657398295645155
45.11,10,59.04335777589465,0.0,9.71762720051941
45.12,10,58.344738501598684,0.0,8.988375636623191
45.13,10,58.67728820639436,0.0,9.291267916753274
45.14,10,57.54647521197141,0.0,8.131726264055251
45.15,10,58.51652464889778,0.0,9.073931913519482
45.16,10,57.75532334151941,0.0,8.285729891581939
45.17,10,58.99846258773324,0.0,9.502671695630365
45.18,10,58.58396173585393,0.0,9.062738775397264
45.19,10,59.124089092494174,0.0,9.578163349930065
45.2,10,58.78208250549523,0.0,9.212148903957052
45.21,10,58.24663193522254,0.0,8.653352676755635
45.22,10,58.41423936233286,0.0,8.798245491432679
45.23,10,57.59685457931015,0.0,7.9587474717249185
45.24,10,58.63320842230368,0.0,8.973561202673688
45.25,10,58.011449181552045,0.0,8.330808073287615
45.26,10,59.35953394732209,0.0,9.658419557958789
45.27,10,58.63403758093914,0.0,8.912946126054448
45.28,10,59.24109744657773,0.0,9.500501915205733
45.29,10,58.462829458527,0.0,8.703180722868188
45.3,10,58.28673397291867,0.0,8.50846184500617
45.31,10,58.25631699553277,0.0,8.459831233391943
45.32,10,57.88657856922059,0.0,8.072269834934918
45.33,10,58.87279099133165,0.0,9.04103176331474
45.34,10,58.35506702593966,0.0,8.506212467601447
45.35,10,59.54805000153248,0.0,9.682438788424474
45.36,10,58.56429563685995,0.0,8.68225074428407
45.37,10,59.20455103970552,0.0,9.306380492676517
45.38,10,58.14327544063577,0.0,8.229273027995951
45.39,10,58.298789137206406,0.0,8.369235091607456
45.4,10,58.1378379513986,0.0,8.192999596780655
45.41,10,58.199206992223594,0.0,8.239339360346188
45.42,10,58.975200875391536,0.0,9.000547292895046
45.43,10,58.57996107273298,0.0,8.59075372013973
45.44,10,59.53752127278465,0.0,9.533981716780442
45.45,10,58.32835780892725,0.0,8.310697509200946
45.46,10,58.96646955983451,0.0,8.934890351691335
45.47,10,57.77943389937619,0.0,7.734128453283394
45.48,10,58.3604194199666,0.0,8.301571679133211
45.49,10,58.035140216076556,0.0,7.962925813117676
45.5,10,58.532524643436034,0.0,8.44711129712177
45.51,10,59.063092115836284,0.0,8.96464000887669
45.52,10,58.77181288551143,0.0,8.66047502428394
45.53,10,59.37014756522811,0.0,9.246070122310861
45.54,10,58.2033553284028,0.0,8.066677968735807
45.55,10,58.85167366642349,0.0,8.702529857879806
45.56,10,57.66822774855944,0.0,7.506745057671805
45.57,10,58.58373543824057,0.0,8.410035811793188
45.58,10,58.22535185992902,0.0,8.039551893089685
45.59,10,59.01337507693515,0.0,8.815586268571707
45.6,10,59.09771916542905,0.0,8.88804816122207
45.61,10,58.907531010521495,0.0,8.686079834456935
45.62,10,59.081181510782,0.0,8.848047785579517
45.63,10,58.02467718624203,0.0,7.7799543432467715
45.64,10,58.65957503044548,0.0,8.403352509488608
45.65,10,57.66145488626956,0.0,7.3938183259751815
45.66,10,58.840379999404036,0.0,8.561411418400633
45.67,10,58.34858838136337,0.0,8.058366350834023
45.68,10,59.37145874940033,0.0,9.070058557385206
45.69,10,58.97538032662553,0.0,8.662874134471764
45.7,10,58.954257040936675,0.0,8.630714032270204
45.71,10,58.771324529169654,0.0,8.4368110517472
45.72,10,57.97337975223208,0.0,7.627959453012753
45.73,10,58.54803391641914,0.0,8.191767870180552
45.74,10,57.828613423781334,0.0,7.46156025558833
45.75,10,59.15119094461288,0.0,8.7734069464329
45.76,10,58.511920756291914,0.0,8.123459998036424
45.77,10,59.55325047440745,0.0,9.154164909666548
45.78,10,58.78439824658766,0.0,8.374737813310956
45.79,10,58.89301580351877,0.0,8.472828519884475
45.8,10,58.376628997343204,0.0,7.945961053044828
45.81,10,58.01162448256624,0.0,7.570520325736649
45.82,10,58.53558604688828,0.0,8.084088466869284
45.83,10,58.10849513059869,0.0,7.646645336754751
45.84,10,59.3513501645763,0.0,8.879187861341451
45.85,10,58.603606638313764,0.0,8.121170096652135
45.86,10,59.55533329120092,0.0,9.062659416651321
45.87,10,58.4341399004942,0.0,7.931264297963562
45.88,10,58.77934152359498,0.0,8.26629855905425
45.89,10,58.0814583644352,0.0,7.558281223667705
45.9,10,58.1960335023672,0.0,7.662754246908562
45.91,10,58.55741205851387,0.0,8.014061678919
45.92,10,58.45554579073996,0.0,7.9021542573039865
45.93,10,59.45505807012274,0.0,8.891654381178478
45.94,10,58.64598594375998,0.0,8.072598171666915
45.95,10,59.42033976030391,0.0,8.836995095239658
45.96,10,58.12697353825734,0.0,7.533698329916165
45.97,10,58.70091249507328,0.0,8.09773229237222
45.98,10,57.896652790988895,0.0,7.283592379876248
45.99,10,58.52154913206171,0.0,7.898632571518653
46.0,10,58.73685823257774,0.0,8.104108888899825
46.01,10,58.92071021692838,0.0,8.278150796368998
46.02,10,59.49298690662005,0.0,8.840639486473474
46.03,10,58.69165337824879,0.0,8.029539436448522
46.04,10,59.2453990538982,0.0,8.573539497200747
46.05,10,57.90017382720956,0.0,7.218589018031485
46.06,10,58.66573436881228,0.0,7.974444150785192
46.07,10,57.85164918884836,0.0,7.150672911152444
46.08,10,58.83434311159268,0.0,8.123699652128053
46.09,10,58.70908208671785,0.0,7.988789874168448
46.1,10,59.0903577464276,0.0,8.36043478127122
46.11,10,59.189588415680284,0.0,8.450052290194261
46.12,10,58.48542530751943,0.0,7.73629322483142
46.13,10,58.80079477405485,0.0,8.04208356628254
46.14,10,57.69533040465418,0.0,6.927056550179193
46.15,10,58.64431768298821,0.0,7.866497322904113
46.16,10,57.91167955660118,0.0,7.1243285103762775
46.17,10,59.18980232266984,0.0,8.392936103061547
46.18,10,58.80112194235106,0.0,7.994755769607837
46.19,10,59.31920465514343,0.0,8.503353470528394
46.2,10,58.98537485211543,0.0,8.1600533307841
46.21,10,58.462342614674064,0.0,7.627565177936761
46.22,10,58.57185945126342,0.0,7.727640278262231
46.23,10,57.75115651742347,0.0,6.897509556251517
46.24,10,58.81127079296738,0.0,7.9482097712569155
46.25,10,58.182367059235645,0.0,7.309905494240722
46.26,10,59.48205304155827,0.0,8.600204249755768
46.27,10,58.78160129744182,0.0,7.890378403674015
46.28,10,59.390376036373596,0.0,8.489791982554172
46.29,10,58.64762046028988,0.0,7.737688013694468
46.3,10,58.466357327821,0.0,7.547089088981709
46.31,10,58.39051350864273,0.0,7.461921918865852
46.32,10,58.020326694441444,0.0,7.082424042966039
46.33,10,59.02570349794963,0.0,8.07850192876491
46.34,10,58.49201586138935,0.0,7.535527379726192
46.35,10,59.73889308388024,0.0,8.773129562393082
46.36,10,58.731230408393,0.0,7.756203593046731
46.37,10,59.32500536332216,0.0,8.340726878997813
46.38,10,58.262201012658956,0.0,7.268682368492429
46.39,10,58.48469552242418,0.0,7.481948116889598
46.4,10,58.28857377568094,0.0,7.2766089014319
46.41,10,58.35096642722104,0.0,7.3297952757010725
46.42,10,59.14963108236479,0.0,8.119264748197192
46.43,10,58.76602028254072,0.0,7.726469767709895
46.44,10,59.73160073925633,0.0,8.682876957088956
46.45,10,58.55553174694286,0.0,7.49764552589976
46.46,10,59.18616733102542,0.0,8.119129418312465
46.47,10,57.95414302336742,0.0,6.877964088373846
46.48,10,58.54644715295532,0.0,7.461137790529082
46.49,10,58.26751723910711,0.0,7.173087972673435
46.5,10,58.76591586886272,0.0,7.662377153393936
46.51,10,59.24288682447947,0.0,8.130249049323952
46.52,10,58.950070339958444,0.0,7.828343831534377
46.53,10,59.56448382626968,0.0,8.43367885063041
46.54,10,58.33485095425222,0.0,7.194977719529877
46.55,10,58.95359630003041,0.0,7.804664958762779
46.56,10,57.781882999311314,0.0,6.623903650658099
46.57,10,58.70993848808464,0.0,7.542921179938125
46.58,10,58.34270018551117,0.0,7.166654916506712
46.59,10,59.159753003461454,0.0,7.974689724891876
46.6,10,59.241627759280846,0.0,8.047556376920346
46.61,10,59.057867862567676,0.0,7.854798238408494
46.62,10,59.24124309246439,0.0,8.029185046371218
46.63,10,58.166650187694465,0.0,6.945613498979977
46.64,10,58.78593843378703,0.0,7.55593284271285
46.65,10,57.789704280600894,0.0,6.5507394898071025
46.66,10,58.99083809657343,0.0,7.742923772440047
46.67,10,58.466231146255055,0.0,7.209376920199205
46.68,10,59.47753592027279,0.0,8.211751389983986
46.69,10,59.10811892604174,0.0,7.833413656658955
46.7,10,59.04637664436012,0.0,7.762760169592459
46.71,10,58.853512615203655,0.0,7.560994438398626
46.72,10,58.121572413864435,0.0,6.820162009024892
46.73,10,58.70082274204523,0.0,7.390529554798736
46.74,10,58.01400368649315,0.0,6.694837135015113
46.75,10,59.31051170861088,0.0,7.982481184503948
46.76,10,58.65517935651961,0.0,7.3182942256517425
46.77,10,59.69976318315287,0.0,8.35403278645574
46.78,10,58.87099140538228,0.0,7.5164250596117945
46.79,10,58.97023032999882,0.0,7.606837328459677
46.8,10,58.450512002374005,0.0,7.078301615610395
46.81,10,58.11529476204209,0.0,6.7342762384954975
46.82,10,58.63606910628221,0.0,7.246251672918419
46.83,10,58.2585435009185,0.0,6.859936363824758
46.84,10,59.528617034144084,0.0,8.1212293790987
46.85,10,58.80826306387629,0.0,7.392104056890914
46.86,10,59.78703302341038,0.0,8.362111811246946
46.87,10,58.6479240336102,0.0,7.214249744273919
46.88,10,59.03404858336301,0.0,7.591630326571618
46.89,10,58.32710026265734,0.0,6.875947130289085
46.9,10,58.41927303006836,0.0,6.959394096588367
46.91,10,58.7958678078922,0.0,7.327272130759238
46.92,10,58.70749011256175,0.0,7.230186732615992
46.93,10,59.66465003897001,0.0,8.17864798080234
46.94,10,58.88006887124282,0.0,7.385377143547557
46.95,10,59.65849912301653,0.0,8.15512671892714
46.96,10,58.33892036639584,0.0,6.826876263805208
46.97,10,58.93575714433327,0.0,7.415050306199186
46.98,10,58.13511795888088,0.0,6.605757333517485
46.99,10,58.710378886013935,0.0,7.172373407369132
47.0,10,58.90646019548499,0.0,7.35981878340587
47.01,10,59.08837261816778,0.0,7.533104178652734
47.02,10,59.67996259932872,0.0,8.116076024769006
47.03,10,58.869564219617644,0.0,7.297068389026944
47.04,10,59.437485493706504,0.0,7.856389272940711
47.05,10,58.08748027326446,0.0,6.497792515230531
47.06,10,58.86552534351637,0.0,7.267254888372491
47.07,10,58.01668308109128,0.0,6.4098387564373205
47.08,10,59.00045808901458,0.0,7.385048710074128
47.09,10,58.89603367485471,0.0,7.272068044648651
47.1,10,59.28406842262748,0.0,7.6515553321398535
47.11,10,59.411967450124415,0.0,7.770915678460677
47.12,10,58.708104138107956,0.0,7.058522452646189
47.13,10,59.030115305340146,0.0,7.372012461875504
47.14,10,57.84625466468074,0.0,6.179639407563119
47.15,10,58.78062765612177,0.0,7.1055087183878225
47.16,10,58.053461984999856,0.0,6.369848088498495
47.17,10,59.28605449080815,0.0,7.593954346321024
47.18,10,58.876242493612786,0.0,7.175664800969288
47.19,10,59.40118330853193,0.0,7.692136756718849
47.2,10,59.0774266995336,0.0,7.359919966800239
47.21,10,58.557744487869684,0.0,6.831786241828397
47.22,10,58.65844012019894,0.0,6.92403901792095
47.23,10,57.866136842529876,0.0,6.123301530637275
47.24,10,58.91079287977654,0.0,7.159531994530359
47.25,10,58.27674485526592,0.0,6.517067022650043
47.26,10,59.61050874993558,0.0,7.84242258573728
47.27,10,58.86962792837301,0.0,7.0931420382602575
47.28,10,59.4365876957715,0.0,7.651710675366483
47.29,10,58.69040169936436,0.0,6.897142134314488
47.3,10,58.510575049221345,0.0,6.708941515266875
47.31,10,58.45517211381833,0.0,6.645173176857212
47.32,10,58.073847898098315,0.0,6.255492114248612
47.33,10,59.08716988177769,0.0,7.26046579743714
47.34,10,58.55581223698795,0.0,6.720768388891235
47.35,10,59.753718361835475,0.0,7.910343277109374
47.36,10,58.806462486186255,0.0,6.954764682402069
47.37,10,59.417346072355684,0.0,7.557334057579845
47.38,10,58.35470568356946,0.0,6.486387956412459
47.39,10,58.489858884855764,0.0,6.613243934518645
47.4,10,58.29630115946455,0.0,6.411397465783536
47.41,10,58.36806438254244,0.0,6.4748804160326925
47.42,10,59.2099702507082,0.0,7.3085144726047835
47.43,10,58.80152526253136,0.0,6.891806124829387
47.44,10,59.781374318091544,0.0,7.863400263584532
47.45,10,58.61568227311618,0.0,6.689461735433211
47.46,10,59.25563433634596,0.0,7.32117573998718
47.47,10,58.07349275172454,0.0,6.13080451209553
47.48,10,58.67712266664184,0.0,6.726213190086807
47.49,10,58.37820984723158,0.0,6.419087531065377
47.5,10,58.91401189591395,0.0,6.946685128452588
47.51,10,59.37529820338916,0.0,7.399775363979876
47.52,10,59.09768577931917,0.0,7.113975238369092
47.53,10,59.63837398270327,0.0,7.646484101707259
47.54,10,58.44897552783257,0.0,6.4489146594000415
47.55,10,59.04933598008142,0.0,7.041112467962188
47.56,10,57.860401973282606,0.0,5.844024152392217
47.57,10,58.81180175448175,0.0,6.787277950925875
47.58,10,58.416610913312645,0.0,6.383949444410606
47.59,10,59.2209392585803,0.0,7.180148432887791
47.6,10,59.28167356133135,0.0,7.232761678662921
47.61,10,59.11147291029076,0.0,7.054448261741104
47.62,10,59.30190311567198,0.0,7.2367739836370975
47.63,10,58.23637112799989,0.0,6.16314578619698
47.64,10,58.85820168461548,0.0,6.776888398103208
47.65,10,57.868910869125855,0.0,5.779517894323062
47.66,10,59.07691504081574,0.0,6.97945062552063
47.67,10,58.56309082079518,0.0,6.45756320420307
47.68,10,59.58068769986472,0.0,7.467105112585893
47.69,10,59.24555844098886,0.0,7.123929105066158
47.7,10,59.23719868839596,0.0,7.1075308173211855
47.71,10,59.0241860139707,0.0,6.886487812701411
47.72,10,58.277321284260836,0.0,6.131600949236185
47.73,10,58.843849260510424,0.0,6.6901149796670865
47.74,10,58.15261216260122,0.0,5.990872115388422
47.75,10,59.46680387663455,0.0,7.297066234029398
47.76,10,58.78627041179298,0.0,6.608543336315016
47.77,10,59.83211868944677,0.0,7.646410335172435
47.78,10,59.009230370103694,0.0,6.815548882680243
47.79,10,59.11750259782941,0.0,6.915856114488918
47.8,10,58.645853056863274,0.0,6.436249706436136
47.81,10,58.270783776152754,0.0,6.0532316790809775
47.82,10,58.77252801324528,0.0,6.547035281595603
47.83,10,58.370498177201554,0.0,6.137072914678343
47.84,10,59.61467078212397,0.0,7.3733210840815975
47.85,10,58.84690725448966,0.0,6.597641207945104
47.86,10,59.819578670553845,0.0,7.562404354198972
47.87,10,58.6985087734796,0.0,6.4334342576931025
47.88,10,59.025158744381045,0.0,6.752192091240059
47.89,10,58.293412039702375,0.0,6.012561302994611
47.9,10,58.39517665251994,0.0,6.10644987775482
47.91,10,58.7516730850152,0.0,6.455078309435237
47.92,10,58.682663123885966,0.0,6.378208376478296
47.93,10,59.67317953393369,0.0,7.360872835440623
47.94,10,58.89451286832769,0.0,6.574362231258127
47.95,10,59.701427562347234,0.0,7.373440990987033
47.96,10,58.37063049368459,0.0,6.0348159841074684
47.97,10,58.9281143911037,0.0,6.584479931181843
47.98,10,58.12658519160089,0.0,5.775138761015052
47.99,10,58.74575963819037,0.0,6.386509208440551
48.0,10,58.93363696094027,0.0,6.566590495355683
48.01,10,59.1132702913671,0.0,6.738435745116323
48.02,10,59.74199996326884,0.0,7.359385283370019
48.03,10,58.89445020483554,0.0,6.504063330166192
48.04,10,59.42008859270249,0.0,7.021937454009336
48.05,10,58.11079040767838,0.0,5.7048829275869
48.06,10,58.84876609141801,0.0,6.4351101844426735
48.07,10,58.02430913714451,0.0,5.6029127096977085
48.08,10,59.040823607671626,0.0,6.611694558073787
48.09,10,58.951271719447774,0.0,6.5144179379364235
48.1,10,59.34593353029285,0.0,6.901362899032058
48.11,10,59.475603819622116,0.0,7.023324212712104
48.12,10,58.75750660367304,0.0,6.297525887159112
48.13,10,59.08347588643689,0.0,6.615801918318855
48.14,10,57.94177070292231,0.0,5.466411333163481
48.15,10,58.9201289935556,0.0,6.437092064091972
48.16,10,58.230230753332435,0.0,5.739524098081764
48.17,10,59.48254977877135,0.0,6.984181223642024
48.18,10,59.06795550503981,0.0,6.561932867939941
48.19,10,59.58625623178238,0.0,7.072587322628617
48.2,10,59.22028973228981,0.0,6.698982353016155
48.21,10,58.68565008961394,0.0,6.156712034180618
48.22,10,58.837985650570566,0.0,6.301424704972846
48.23,10,58.035483035553156,0.0,5.49130697783011
48.24,10,59.061765552242655,0.0,6.509982152485587
48.25,10,58.42447352125762,0.0,5.865090541618961
48.26,10,59.73741453085188,0.0,7.170439725553768
48.27,10,59.02766596757642,0.0,6.45310708291939
48.28,10,59.59632706396282,0.0,7.014191838334084
48.29,10,58.84330749426876,0.0,6.253603658151023
48.3,10,58.63794735652167,0.0,6.0406826325013725
48.31,10,58.63645444224209,0.0,6.031636545018211
48.32,10,58.284682597312155,0.0,5.672319233704182
48.33,10,59.24589097948727,0.0,6.625989848444081
48.34,10,58.72182009256394,0.0,6.09438888517179
48.35,10,59.89685722864,0.0,7.261903628131284
48.36,10,58.879154488407416,0.0,6.236686170168548
48.37,10,59.50584868853375,0.0,6.8558733201138855
48.38,10,58.46356009916911,0.0,5.8060853402881225
48.39,10,58.626001504000214,0.0,5.961035006557232
48.4,10,58.43794747864769,0.0,5.765496886729081
48.41,10,58.49082818235425,0.0,5.810901132241991
48.42,10,59.311016306076155,0.0,6.623620426256118
48.43,10,58.884600474983024,0.0,6.189743386152873
48.44,10,59.80911544621152,0.0,7.106804761289128
48.45,10,58.630222166363986,0.0,5.9204654904953955
48.46,10,59.24341204627787,0.0,6.52621697684572
48.47,10,58.04571058467911,0.0,5.3210847113104585
48.48,10,58.64128595483885,0.0,5.909236859413289
48.49,10,58.30379260775844,0.0,5.564327864416234
48.5,10,58.82913751993994,0.0,6.082264695090214
48.51,10,59.32580495018951,0.0,6.571531602518014
48.52,10,59.06312114157939,0.0,6.301454822056704
48.53,10,59.62021672150014,0.0,6.8511649733897055
48.54,10,58.42458297497338,0.0,5.648153333839393
48.55,10,59.06611955568343,0.0,6.282319549398893
48.56,10,57.87587426162698,0.0,5.08471141038163
48.57,10,58.80882815100472,0.0,6.010309967313032
48.58,10,58.38231667015901,0.0,5.5764506588680804
48.59,10,59.20516611808371,0.0,6.39195977638132
48.6,10,59.28608391008649,0.0,6.465544727508657
48.61,10,59.11523781533324,0.0,6.2873732737726264
48.62,10,59.30771765982277,0.0,6.472535233536197
48.63,10,58.22877709083772,0.0,5.386284246454173
48.64,10,58.86502866672673,0.0,6.015232863255168
48.65,10,57.86989904907798,0.0,5.012807737915322
48.66,10,59.09616827003474,0.0,6.231788894973583
48.67,10,58.543326231387766,0.0,5.671666228624311
48.68,10,59.52846207012567,0.0,6.649528868267333
48.69,10,59.13543501491221,0.0,6.249236034985717
48.7,10,59.10971543937488,0.0,6.216258094833784
48.71,10,58.911763867214304,0.0,6.011055563947005
48.72,10,58.17250574159109,0.0,5.264553877928561
48.73,10,58.7182285897251,0.0,5.803040556448405
48.74,10,58.0127253113656,0.0,5.0903084917140005
48.75,10,59.319283008723744,0.0,6.389644778402196
48.76,10,58.651155885441675,0.0,5.714303612628655
48.77,10,59.699775973538195,0.0,6.755717018893435
48.78,10,58.91031568660136,0.0,5.959057403273505
48.79,10,59.03988041069056,0.0,6.08143014432495
48.8,10,58.52486678432098,0.0,5.559231873067282
48.81,10,58.2038748283313,0.0,5.231062602851185
48.82,10,58.71523321374722,0.0,5.735250997222005
48.83,10,58.316949809966566,0.0,5.329804918105123
48.84,10,59.58654703348815,0.0,6.592246774534206
48.85,10,58.845372823349486,0.0,5.843924498089414
48.86,10,59.794736923194705,0.0,6.786147824965205
48.87,10,58.62623751909641,0.0,5.610514933792208
48.88,10,58.95564564459328,0.0,5.932796850674487
48.89,10,58.2455813991284,0.0,5.215613667628412
48.9,10,58.381027476508,0.0,5.343948071040906
48.91,10,58.78235211916716,0.0,5.738168295935429
48.92,10,58.67131860217668,0.0,5.620037609978741
48.93,10,59.66922717632803,0.0,6.610856256565721
48.94,10,58.84196349669432,0.0,5.7765098833805295
48.95,10,59.59997972576255,0.0,6.527450645528954
48.96,10,58.275305585479074,0.0,5.1957082575833535
48.97,10,58.81822121456029,0.0,5.73156285089397
48.98,10,57.98409840353038,0.0,4.890386208626199
48.99,10,58.620267773607,0.0,5.51950894464645
49.0,10,58.77250945484825,0.0,5.664711181669015
49.01,10,58.94644402988009,0.0,5.831613494983818
49.02,10,59.57207854309931,0.0,6.45022292165879
49.03,10,58.77629318494119,0.0,5.647419644808003
49.04,10,59.35500730430662,0.0,6.219123006018758
49.05,10,58.00076303841929,0.0,4.857875135208316
49.06,10,58.79504289614169,0.0,5.645158533940333
49.07,10,57.98595690119614,0.0,4.829083218645945
49.08,10,58.97154250787834,0.0,5.807686636336863
49.09,10,58.86888411559964,0.0,5.698053179147997
49.1,10,59.287617389110935,0.0,6.109818504561223
49.11,10,59.432783145806845,0.0,6.248023422709529
49.12,10,58.70287498905389,0.0,5.511161529705282
49.13,10,59.03367238494038,0.0,5.835012284390109
49.14,10,57.90418604091339,0.0,4.698586386971467
49.15,10,58.893934818012056,0.0,5.681402691256773
49.16,10,58.18072692931821,0.0,4.9612694031031825
49.17,10,59.442117066447345,0.0,6.215741206908894
49.18,10,59.00208778954512,0.0,5.768800655609771
49.19,10,59.534693628584776,0.0,6.294502271976591
49.2,10,59.18151237966578,0.0,5.934423844913696
49.21,10,58.68075737353617,0.0,5.426778697981234
49.22,10,58.80812551717739,0.0,5.547263730980364
49.23,10,58.00796488934967,0.0,4.740227015498147
49.24,10,59.06351058500302,0.0,5.788903639318701
49.25,10,58.444058224258576,0.0,5.162589215404842
49.26,10,59.754400740977054,0.0,6.466076670466017
49.27,10,59.04711540232151,0.0,5.751943264521502
49.28,10,59.63086004423511,0.0,6.328846826377827
49.29,10,58.88675367168414,0.0,5.577906353871912
49.3,10,58.71630280804302,0.0,5.400628363256288
49.31,10,58.68464847600615,0.0,5.3621538701106
49.32,10,58.30231769468863,0.0,4.973009886442384
49.33,10,59.278938474774634,0.0,5.94282441583561
49.34,10,58.741968453736234,0.0,5.399055088669503
49.35,10,59.98661936123576,0.0,6.636913627520524
49.36,10,58.99384876494957,0.0,5.637357592986496
49.37,10,59.61876794054568,0.0,6.2554982536642685
49.38,10,58.55542779171461,0.0,5.185386506180163
49.39,10,58.75222791805349,0.0,5.3754219430746035
49.4,10,58.563132775348,0.0,5.179569013083516
49.41,10,58.64125734393886,0.0,5.250942689505182
49.42,10,59.455708175565235,0.0,6.058649517043513
49.43,10,59.04922018558147,0.0,5.645424404024728
49.44,10,59.98896098795213,0.0,6.5784349573925835
49.45,10,58.8238374946945,0.0,5.406588082150386
49.46,10,59.488494653017106,0.0,6.064528718500337
49.47,10,58.304747426696935,0.0,4.874071823219793
49.48,10,58.89555420186707,0.0,5.458175775449556
49.49,10,58.590719667076584,0.0,5.146645256753583
49.5,10,59.11232149084577,0.0,5.661557928674095
49.51,10,59.592922829655684,0.0,6.1354769407213166
49.52,10,59.264768196461915,0.0,5.800646798886891
49.53,10,59.87692935263716,0.0,6.406139257586889
49.54,10,58.67394980291872,0.0,5.196497814609078
49.55,10,59.273101935548155,0.0,5.788994851252354
49.56,10,58.1440276900209,0.0,4.653272300076868
49.57,10,59.09298302807518,0.0,5.595586115892488
49.58,10,58.68787837508378,0.0,5.183846717150695
49.59,10,59.48963481123952,0.0,5.978975177130101
49.6,10,59.59168408364099,0.0,6.0744032360220235
49.61,10,59.42742621969432,0.0,5.903530914332675
49.62,10,59.589852224249974,0.0,6.059349210019358
49.63,10,58.51816988833214,0.0,4.9810659072203185
49.64,10,59.11902304964107,0.0,5.575324836756546
49.65,10,58.12893373073392,0.0,4.578648014313512
49.66,10,59.34525418555543,0.0,5.788387686970787
49.67,10,58.82834859117902,0.0,5.264908024944011
49.68,10,59.81552239252155,0.0,6.245514466298845
49.69,10,59.44646061553612,0.0,5.869892030144518
49.7,10,59.42597463872663,0.0,5.84285208814789
49.71,10,59.21873117685519,0.0,5.6290613482411045
49.72,10,58.466817169538196,0.0,4.870606743217464
49.73,10,59.03211206009719,0.0,5.429367709582497
49.74,10,58.277125585139316,0.0,4.667853977134114
49.75,10,59.564377862100216,0.0,5.948585656505827
49.76,10,58.91074605009534,0.0,5.2884399000177975
49.77,10,59.9421288458997,0.0,6.313315397656751
49.78,10,59.14459116742517,0.0,5.509277060553143
49.79,10,59.27596857704408,0.0,5.6341604443048965
49.8,10,58.77719854832867,0.0,5.12890301571669
49.81,10,58.417559079688615,0.0,4.762782766437429
49.82,10,58.928041147539496,0.0,5.266790666129078
49.83,10,58.52031495711167,0.0,4.852596913275172
49.84,10,59.78460380117029,0.0,6.110424793900707
49.85,10,59.03426070972304,0.0,5.353627331280364
49.86,10,60.00948307821467,0.0,6.32240191413274
49.87,10,58.8455995163785,0.0,5.152077145471613
49.88,10,59.168396981144106,0.0,5.468439975514257
49.89,10,58.46863473158564,0.0,4.762249656628966
49.9,10,58.58665961214908,0.0,4.87385302656301
49.91,10,58.99322736794082,0.0,5.274005823730872
49.92,10,58.917702622295174,0.0,5.1920726647815165
49.93,10,59.933066623482254,0.0,6.201034791306937
49.94,10,59.114017041306006,0.0,5.375589866439388
49.95,10,59.92698803251586,0.0,6.182172040263629
49.96,10,58.593329402515366,0.0,4.842131111525299
49.97,10,59.16840787771854,0.0,5.410833799987332
49.98,10,58.353250558183554,0.0,4.589307199063631
49.99,10,58.9984732196753,0.0,5.2281670778813645
50.0,10,59.192029886089095,2.5,5.415367453705212
50.01,10,59.37353056669402,2.5,5.639657495846796
50.02,10,59.99763500481639,2.5,6.3048903799253875
50.03,10,59.18906020699479,2.5,5.53586211082264
50.04,10,59.750801104795606,2.5,6.135642842785862
50.05,10,58.412730717689605,2.5,4.834177222777576
50.06,10,59.16951142178542,2.5,5.626195831056654
50.07,10,58.32307884329247,2.5,4.813699238273393
50.08,10,59.31681158918023,2.5,5.840127891940448
50.09,10,59.2754265114218,2.5,5.830257529039868
50.1,10,59.63610660208369,2.5,6.221327212385027
50.11,10,59.78114302586738,2.5,6.39568149768103
50.12,10,59.05150010335921,2.5,5.694335544864391
50.13,10,59.365675813869885,2.5,6.035835742909005
50.14,10,58.20420031102935,2.5,4.900758341557852
50.15,10,59.16960848942679,2.5,5.891682128548913
50.16,10,58.41542161184369,2.5,5.162170162147402
50.17,10,59.654657351534155,2.5,6.425279913692903
50.18,10,59.255633629189056,2.5,6.0493672000371435
50.19,10,59.76736076253123,2.5,6.583478424049339
50.2,10,59.41591086781708,2.5,6.253720062682572
50.21,10,58.90754495069872,2.5,5.766385840263086
50.22,10,59.0387314520376,2.5,5.917975352790842
50.23,10,58.205231579480184,2.5,5.104279474250567
50.24,10,59.23079865512882,2.5,6.149079775445918
50.25,10,58.60883975862688,2.5,5.545810234846299
50.26,10,59.92078042273667,2.5,6.875921998687151
50.27,10,59.2026488314024,2.5,6.175467640471613
50.28,10,59.774052503105274,2.5,6.764077902827575
50.29,10,59.01487845501425,2.5,6.021661917363407
50.3,10,58.81574584934496,2.5,5.838859904070163
50.31,10,58.788236937075354,2.5,5.827274165544231
50.32,10,58.397644764896484,2.5,5.452216842031615
50.33,10,59.38295358744731,2.5,6.452690369456711
50.34,10,58.87700104711173,2.5,5.9615497028250175
50.35,10,60.10186034439399,2.5,7.200884528119575
50.36,10,59.11234095423192,2.5,6.225520018150407
50.37,10,59.721862428737715,2.5,6.848890672942473
50.38,10,58.6534512826373,2.5,5.794037241021312
50.39,10,58.820063675323965,2.5,5.973929435601272
50.4,10,58.6312584930228,2.5,5.798139049251292
50.41,10,58.736152655040875,2.5,5.915795291094101
50.42,10,59.56565485355529,2.5,6.757818556063108
50.43,10,59.11926045066094,2.5,6.323715350011086
50.44,10,60.071357561951906,2.5,7.287884400010708
50.45,10,58.916500572139526,2.5,6.144890195414767
50.46,10,59.55774548343372,2.5,6.797798360463606
50.47,10,58.390590732615195,2.5,5.642116494425669
50.48,10,58.9702753134781,2.5,6.233092316004842
50.49,10,58.703920388589964,2.5,5.9778552960165054
50.5,10,59.20235701520296,2.5,6.48724440321462
50.51,10,59.68857933733204,2.5,6.984261315333055
50.52,10,59.38931744058462,2.5,6.695643291973172
50.53,10,59.95347476826088,2.5,7.270300607897973
50.54,10,58.73477319508433,2.5,6.061961643135419
50.55,10,59.31704682462976,2.5,6.654466695995558
50.56,10,58.16024756755117,2.5,5.507773576143551
50.57,10,59.10643252633072,2.5,6.463945003483373
50.58,10,58.70581992668283,2.5,6.07320455302127
50.59,10,59.525036684173436,2.5,6.90218423430133
50.6,10,59.60634396668523,2.5,6.993150066073778
50.61,10,59.4122564614802,2.5,6.808621354977716
50.62,10,59.56651033701187,2.5,6.972338668418256
50.63,10,58.50723535967398,2.5,5.922435961850902
50.64,10,59.10909361970273,2.5,6.533579314715836
50.65,10,58.125780471203974,2.5,5.559467880017943
50.66,10,59.33443278660652,2.5,6.777242147876111
50.67,10,58.8210822315149,2.5,6.272937229037301
50.68,10,59.8222955023627,2.5,7.283123100777026
50.69,10,59.46405296518617,2.5,6.933783253526256
50.7,10,59.38819384665306,2.5,6.866759889377679
50.71,10,59.13455577900496,2.5,6.621893474148404
50.72,10,58.36618013035335,2.5,5.862228074456152
50.73,10,58.95194385445387,2.5,6.456643213948864
50.74,10,58.2192294562203,2.5,5.732523844966383
50.75,10,59.546031780939714,2.5,7.067867143608785
50.76,10,58.95236826071344,2.5,6.482692761751255
50.77,10,59.99870447176912,2.5,7.5374683896630525
50.78,10,59.20672793839954,2.5,6.753883564999906
50.79,10,59.363964656605916,2.5,6.919466201259582
50.8,10,58.86055617582046,2.5,6.424359674085978
50.81,10,58.484593877046855,2.5,6.056657103772977
50.82,10,58.991629372301624,2.5,6.571911758860121
50.83,10,58.61002828174886,2.5,6.198490837222831
50.84,10,59.85026896860957,2.5,7.4468742047490455
50.85,10,59.09102078532388,2.5,6.695732645087774
50.86,10,60.061665001522435,2.5,7.674448791035863
50.87,10,58.8779441027409,2.5,6.498766426504318
50.88,10,59.194369452694644,2.5,6.823198151890116
50.89,10,58.456925668149665,2.5,6.093729761895038
50.9,10,58.58663802904414,2.5,6.231387658455046
50.91,10,59.00279838383979,2.5,6.655464758765365
50.92,10,58.90496763071159,2.5,6.5655229790155305
50.93,10,59.89772640014519,2.5,7.566143919410615
50.94,10,59.087479891393336,2.5,6.763733702936251
50.95,10,59.86665869905808,2.5,7.550723804138089
50.96,10,58.58197332831749,2.5,6.27382556644154
50.97,10,59.1668889712227,2.5,6.866504980441354
50.98,10,58.34144113192884,2.5,6.0487983110299375
50.99,10,58.965708875322726,2.5,6.680785347832034
51.0,10,59.15678016621996,2.5,6.879554746121986
51.01,10,59.371771970424525,2.5,7.102224129521632
51.02,10,59.935780605620984,2.5,7.673890442452003
51.03,10,59.15352785800904,2.5,6.899276068253682
51.04,10,59.69250522803124,2.5,7.445873076328484
51.05,10,58.35482337685573,2.5,6.115792669968777
51.06,10,59.140851796619714,2.5,6.909404857883724
51.07,10,58.31550629012729,2.5,6.09162593511761
51.08,10,59.32496028259725,2.5,7.1086297959606215
51.09,10,59.24457839249836,2.5,7.0357815058912125
51.1,10,59.63073743429944,2.5,7.429458305380193
51.11,10,59.747366581145016,2.5,7.553589773570436
51.12,10,59.04656148386765,2.5,6.860271948244461
51.13,10,59.36202254330758,2.5,7.18320559905499
51.14,10,58.19890624401461,2.5,6.027547562092795
51.15,10,59.16339688998495,2.5,6.999482476448843
51.16,10,58.42033106490107,2.5,6.26384724524022
51.17,10,59.63385656488634,2.5,7.484789969112592
51.18,10,59.28099640536508,2.5,7.139333953813007
51.19,10,59.813792351254435,2.5,7.6795212410597244
51.2,10,59.48545007764196,2.5,7.358557769866232
51.21,10,59.02354830773134,2.5,6.904022515101662
51.22,10,59.126563584348865,2.5,7.014392259583144
51.23,10,58.295352105848195,2.5,6.190523430538163
51.24,10,59.321232757239784,2.5,7.223735131264953
51.25,10,58.72758128223085,2.5,6.6374033136783
51.26,10,60.04956307348615,2.5,7.966693569051709
51.27,10,59.28619484569338,2.5,7.210622801541081
51.28,10,59.89331950748763,2.5,7.825034100545793
51.29,10,59.11881872708512,2.5,7.057809306758396
51.3,10,58.9165268121676,2.5,6.862782892444483
51.31,10,58.836766476561905,2.5,6.790277728499208
51.32,10,58.48957222838745,2.5,6.450328472953857
51.33,10,59.482612036115974,2.5,7.450603237376941
51.34,10,59.00264645509342,2.5,6.977862713721941
51.35,10,60.22250441173946,2.5,8.204935958836064
51.36,10,59.205740219535066,2.5,7.1953774107436175
51.37,10,59.79849826998956,2.5,7.795331579893227
51.38,10,58.7797151332824,2.5,6.7837351500674625
51.39,10,58.964112379120124,2.5,6.9753097994947435
51.4,10,58.79625849931964,2.5,6.814624123674477
51.41,10,58.84953944202068,2.5,6.875064169821242
51.42,10,59.640498810800366,2.5,7.673173636198673
51.43,10,59.22055679711578,2.5,7.26037280477171
51.44,10,60.148377058714985,2.5,8.195325419817161
51.45,10,58.97804191367693,2.5,7.032113882152801
51.46,10,59.553421728910756,2.5,7.614608637818103
51.47,10,58.36570463888902,2.5,6.433997896979593
51.48,10,58.96389720797341,2.5,7.039288296420013
51.49,10,58.69744246972221,2.5,6.779922939002233
51.5,10,59.199377073032984,2.5,7.288938539960454
51.51,10,59.69074293104892,2.5,7.787377075947987
51.52,10,59.41973806322225,2.5,7.523436627235578
51.53,10,60.01597334419135,2.5,8.12672812671688
51.54,10,58.80254510247747,2.5,6.920347958726894
51.55,10,59.41536290839798,2.5,7.54020574707201
51.56,10,58.238826330431394,2.5,6.370701111505898
51.57,10,59.1867273697891,2.5,7.325626102406131
51.58,10,58.78879318246881,2.5,6.934707922928756
51.59,10,59.599787385136736,2.5,7.752710234985578
51.6,10,59.70242953380503,2.5,7.8623526380128945
51.61,10,59.54656827555898,2.5,7.713483820785634
51.62,10,59.696041511371455,2.5,7.869941724313955
51.63,10,58.61583120452641,2.5,6.796708350345456
51.64,10,59.226168252360566,2.5,7.414014633182053
51.65,10,58.237165624361104,2.5,6.4319735778485825
51.66,10,59.507324210613916,2.5,7.709086108609215
51.67,10,59.028650613872585,2.5,7.2373588611008115
51.68,10,60.01573504093646,2.5,8.231382073772638
51.69,10,59.617712471020376,2.5,7.8402907563149675
51.7,10,59.58593896477,2.5,7.815440998729714
51.71,10,59.34173563703677,2.5,7.57815394415908
51.72,10,58.58988794529295,2.5,6.833215077350634
51.73,10,59.18390941156657,2.5,7.434137946640986
51.74,10,58.434065768520604,2.5,6.691188310080406
51.75,10,59.76967013668001,2.5,8.033679312703724
51.76,10,59.118647903860804,2.5,7.38953636600106
51.77,10,60.16181234771902,2.5,8.439572770506299
51.78,10,59.335482594366056,2.5,7.620107674450223
51.79,10,59.50561984554096,2.5,7.797102300968634
51.8,10,58.99785539135724,2.5,7.296187960883458
51.81,10,58.65669167673306,2.5,6.961867119165342
51.82,10,59.19702063731914,2.5,7.509031730892711
51.83,10,58.76693196700327,2.5,7.08577150878582
51.84,10,59.99255420006065,2.5,8.318215005385184
51.85,10,59.253568200796806,2.5,7.586043102721075
51.86,10,60.1976689993896,2.5,8.53695084818127
51.87,10,59.062340373168304,2.5,7.408422035814364
51.88,10,59.389755880629274,2.5,7.742630240368355
51.89,10,58.678660038406605,2.5,7.0383199942837535
51.9,10,58.80115618516932,2.5,7.167594651611111
51.91,10,59.23518949237035,2.5,7.608399398780348
51.92,10,59.163971030695286,2.5,7.543945321068565
51.93,10,60.164512604468726,2.5,8.551244237024363
51.94,10,59.35647914151963,2.5,7.74996108835021
51.95,10,60.13606690420318,2.5,8.536292150941193
51.96,10,58.78297756404689,2.5,7.189939109546225
51.97,10,59.310625298507695,2.5,7.724316154540491
51.98,10,58.52897348688781,2.5,6.94938667785516
51.99,10,59.13796409541532,2.5,7.5650926580714986
52.0,10,59.34422546880551,2.5,7.778062451995152
52.01,10,59.52194547091722,2.5,7.962483935324636
52.02,10,60.14337031277535,2.5,8.590603330685616
52.03,10,59.35214352782564,2.5,7.8060641828965185
52.04,10,59.88296187806603,2.5,8.343563265110818
52.05,10,58.549221767378434,2.5,7.016496992158612
52.06,10,59.3051424567199,2.5,7.779084635747433
52.07,10,58.52245263012553,2.5,7.003054890474097
52.08,10,59.52263641092505,2.5,8.009891890050396
52.09,10,59.45473820561013,2.5,7.948640051178295
52.1,10,59.82830382678483,2.5,8.328845196508217
52.11,10,59.93824023420714,2.5,8.445414295688575
52.12,10,59.23733830822418,2.5,7.751138238807469
52.13,10,59.57172826337548,2.5,8.092147250003354
52.14,10,58.44978332506798,2.5,6.9768145641459505
52.15,10,59.39595227820118,2.5,7.929588975468133
52.16,10,58.66837701748245,2.5,7.208612387886389
52.17,10,59.88974808633195,2.5,8.43657535391228
52.18,10,59.463187838400096,2.5,8.016600236174368
52.19,10,59.975336312908034,2.5,8.53532708276414
52.2,10,59.60415857138306,2.5,8.170720963976308
52.21,10,59.091104675439496,2.5,7.664231950094104
52.22,10,59.23403225739978,2.5,7.813717682014972
52.23,10,58.44181702290091,2.5,7.0280538738608245
52.24,10,59.45821975893675,2.5,8.051001321024646
52.25,10,58.83870815708665,2.5,7.4380277234028584
52.26,10,60.15139108082636,2.5,8.757241952709633
52.27,10,59.44182855309637,2.5,8.054204040048772
52.28,10,60.04332171400953,2.5,8.662215133624805
52.29,10,59.29181404248963,2.5,7.917218720384162
52.3,10,59.06895628288954,2.5,7.700865552636827
52.31,10,59.04901517859861,2.5,7.68742238166634
52.32,10,58.65273961066924,2.5,7.297638096358718
52.33,10,59.64835162368125,2.5,8.299734749070122
52.34,10,59.144307018624815,2.5,7.802168148511504
52.35,10,60.33444206048809,2.5,8.998774567338836
52.36,10,59.35666376758772,2.5,8.027461031486174
52.37,10,59.96279497156149,2.5,8.640050380159641
52.38,10,58.88109887363689,2.5,7.564805822108621
52.39,10,59.0535960578412,2.5,7.743747948837652
52.4,10,58.89119994093844,2.5,7.587790184545022
52.41,10,58.93929949812209,2.5,7.642321511817229
52.42,10,59.75465437546092,2.5,8.46410158407651
52.43,10,59.37322129435894,2.5,8.089087130042689
52.44,10,60.3029620765587,2.5,9.025239978737268
52.45,10,59.119968704544554,2.5,7.848652119888702
52.46,10,59.73791189536767,2.5,8.472994277758474
52.47,10,58.54092734115589,2.5,7.282402151652561
52.48,10,59.09099268860704,2.5,7.838853395415378
52.49,10,58.8138476623375,2.5,7.568087740780325
52.5,10,59.3058012510615,2.5,8.066414183549577
52.51,10,59.84697745972577,2.5,8.613956735729817
52.52,10,59.54867083298216,2.5,8.32200994900629
52.53,10,60.13603205970848,2.5,8.915724519264344
52.54,10,58.917255739058575,2.5,7.7032950526402955
52.55,10,59.54522750953138,2.5,8.337607194591603
52.56,10,58.35418315178996,2.5,7.152896732716613
52.57,10,59.32029853302934,2.5,8.125339541123195
52.58,10,58.904397940780186,2.5,7.715759914233262
52.59,10,59.725860653727544,2.5,8.543537137602138
52.6,10,59.84355434679937,2.5,8.667538893007821
52.61,10,59.65688282600766,2.5,8.487168993292576
52.62,10,59.83563849158926,2.5,8.672219845504765
52.63,10,58.76665368493823,2.5,7.609523797831408
52.64,10,59.37369064964142,2.5,8.222843100634716
52.65,10,58.39445849726537,2.5,7.249886872238903
52.66,10,59.603755083692505,2.5,8.465452975267839
52.67,10,59.082943295986546,2.5,7.950904303509992
52.68,10,60.099440524337716,2.5,8.97365825386472
52.69,10,59.73280241576054,2.5,8.613270480040073
52.7,10,59.71125190720804,2.5,8.597963925668033
52.71,10,59.516274770573744,2.5,8.40922436930627
52.72,10,58.740551699550316,2.5,7.639732511297382
52.73,10,59.30033260557684,2.5,8.205738269716825
52.74,10,58.618812705181284,2.5,7.530436867715354
52.75,10,59.93202513665019,2.5,8.849861450189232
52.76,10,59.32313432568306,2.5,8.247176449434743
52.77,10,60.30940515076664,2.5,9.239646750523278
52.78,10,59.48380095794811,2.5,8.420235706073996
52.79,10,59.583529851817794,2.5,8.52615142723756
52.8,10,59.083385696346944,2.5,8.032187784533914
52.81,10,58.72537432677357,2.5,7.680350619738276
52.82,10,59.27450818894108,2.5,8.235652385219884
52.83,10,58.86039879283206,2.5,7.8277045974766395
52.84,10,60.14111374736963,2.5,9.114574871935762
52.85,10,59.43371531142766,2.5,8.413325473965084
52.86,10,60.369241639019656,2.5,9.35499456406146
52.87,10,59.2015880882556,2.5,8.193477506808227
52.88,10,59.49652725295552,2.5,8.494546902488704
52.89,10,58.763472054669236,2.5,7.767615679106428
52.9,10,58.906201225630774,2.5,7.916462575339206
52.91,10,59.30007382640001,2.5,8.31644665818141
52.92,10,59.2124337836407,2.5,8.23491186072194
52.93,10,60.22601526008665,2.5,9.2545923521104
52.94,10,59.4224246365728,2.5,8.457094519588848
52.95,10,60.208150405569405,2.5,9.248906862025205
52.96,10,58.87169246595017,2.5,7.918529284682548
52.97,10,59.466707378964244,2.5,8.519618355190474
52.98,10,58.63038890868629,2.5,7.689367843995487
52.99,10,59.23209651555274,2.5,8.29713721789743
53.0,10,59.407443373509686,2.5,8.478539657197604
53.01,10,59.60647589271994,2.5,8.683621578405525
53.02,10,60.22967277717114,2.5,9.312861691847532
53.03,10,59.41720997031679,2.5,8.506435947307612
53.04,10,59.98438639560355,2.5,9.07964327455519
53.05,10,58.65709677935085,2.5,7.758378406224201
53.06,10,59.45744179107813,2.5,8.564742018140915
53.07,10,58.64642544119776,2.5,7.759738127016855
53.08,10,59.61165369834345,2.5,8.73097270777705
53.09,10,59.53003881806609,2.5,8.655358022256138
53.1,10,59.95709372718088,2.5,9.08840700354565
53.11,10,60.07481130920539,2.5,9.212112541431642
53.12,10,59.32816007806502,2.5,8.471443156100928
53.13,10,59.66491303640588,2.5,8.814171856453509
53.14,10,58.544553776402246,2.5,7.699782240910253
53.15,10,59.52229045023741,2.5,8.683482467893722
53.16,10,58.778266449839926,2.5,7.945415935564498
53.17,10,60.02325997249284,2.5,9.19636084743065
53.18,10,59.614516619770434,2.5,8.793562811284202
53.19,10,60.16741522876529,2.5,9.352400670428526
53.2,10,59.79318859518206,2.5,8.984107226771805
53.21,10,59.28485697751652,2.5,8.48170274500654
53.22,10,59.41372611308764,2.5,8.616492968641555
53.23,10,58.56310420917734,2.5,7.771786111141323
53.24,10,59.545884463273346,2.5,8.760475376169664
53.25,10,58.89641955647041,2.5,8.11691345099038
53.26,10,60.228783816923645,2.5,9.45517466992077
53.27,10,59.507466829164755,2.5,8.73974862364802
53.28,10,60.0605822789642,2.5,9.298749004091231
53.29,10,59.297834677169014,2.5,8.54188032823964
53.3,10,59.110697728404865,2.5,8.360616306853847
53.31,10,59.05150092722116,2.5,8.307286440612199
53.32,10,58.71034706596308,2.5,7.971993527981689
53.33,10,59.69793448976421,2.5,8.965435920211203
53.34,10,59.223482277570405,2.5,8.496832702355608
53.35,10,60.437009888824946,2.5,9.716203339960066
53.36,10,59.40412610621317,2.5,8.689156621805726
53.37,10,60.02801527342122,2.5,9.318876897667815
53.38,10,58.97565991123608,2.5,8.27234669441599
53.39,10,59.12504326225769,2.5,8.427549260726254
53.4,10,58.968274792090476,2.5,8.27659406827283
53.41,10,59.0464439963462,2.5,8.360570618730568
53.42,10,59.91762312736779,2.5,9.237551170499204
53.43,10,59.5166663385972,2.5,8.842389883071112
53.44,10,60.49188585004098,2.5,9.823398982496933
53.45,10,59.30470056131436,2.5,8.641997374429506
53.46,10,59.901111612037475,2.5,9.244186204520163
53.47,10,58.702702215219915,2.5,8.051548691803434
53.48,10,59.31901646993665,2.5,8.67362894137308
53.49,10,59.01902624315214,2.5,8.379398826205595
53.5,10,59.540726193318896,2.5,8.906853010759722
53.51,10,60.03931951093404,2.5,9.411194691532186
53.52,10,59.73306672242168,2.5,9.110684400940505
53.53,10,60.315564607085044,2.5,9.698918924275223
53.54,10,59.08678186319199,2.5,8.475866965785075
53.55,10,59.7198557244778,2.5,9.114665765180165
53.56,10,58.523816624171886,2.5,7.924345761658379
53.57,10,59.4939678976258,2.5,8.900210296533533
53.58,10,59.094244144807135,2.5,8.506193975729396
53.59,10,59.92612383706145,2.5,9.343775276541407
53.6,10,60.017997129353475,2.5,9.441344359878066
53.61,10,59.82022564868013,2.5,9.249262858674065
53.62,10,60.018850521997045,2.5,9.453571905816204
53.63,10,58.93306088088756,2.5,8.373460638813434
53.64,10,59.53239942672368,2.5,8.978471764956783
53.65,10,58.5436484229939,2.5,7.995387553647882
53.66,10,59.7458618814939,2.5,9.203262022589362
53.67,10,59.21902595116562,2.5,8.682081326623992
53.68,10,60.23600424656829,2.5,9.70470908620596
53.69,10,59.84346188722624,2.5,9.317810426748135
53.7,10,59.79424311492957,2.5,9.274229595923348
53.71,10,59.56443085113075,2.5,9.050049521060505
53.72,10,58.755212408358865,2.5,8.24645752055951
53.73,10,59.33564262977384,2.5,8.832508443444416
53.74,10,58.626543490427295,2.5,8.129024270625619
53.75,10,59.95034451038188,2.5,9.458434528018053
53.76,10,59.34334400766236,2.5,8.8570375394928
53.77,10,60.40090295781307,2.5,9.92019428643477
53.78,10,59.59509064631713,2.5,9.119974060161434
53.79,10,59.72215731928724,2.5,9.252627112613862
53.8,10,59.20024252209564,2.5,8.736292994986801
53.81,10,58.847805416966615,2.5,8.389430875320825
53.82,10,59.366691158861386,2.5,8.913885914387905
53.83,10,58.983573925722574,2.5,8.536332295934947
53.84,10,60.18985474478801,2.5,9.748171052998432
53.85,10,59.4325598683637,2.5,8.996428443677045
53.86,10,60.37548355969583,2.5,9.944898737003548
53.87,10,59.2429136725695,2.5,8.817869792543904
53.88,10,59.60058168262635,2.5,9.181073091714593
53.89,10,58.868930479668265,2.5,8.454951530086362
53.9,10,58.986441264053454,2.5,8.577986313780318
53.91,10,59.37514025102947,2.5,8.972203663801404
53.92,10,59.299727431673794,2.5,8.902303576977994
53.93,10,60.299514536731984,2.5,9.907597789801269
53.94,10,59.46579920162878,2.5,9.079383943435179
53.95,10,60.222068247824325,2.5,9.841148865073565
53.96,10,58.91327218704616,2.5,8.537843072171572
53.97,10,59.492283775364044,2.5,9.12233932652095
53.98,10,58.69757967924488,2.5,8.333114300304462
53.99,10,59.27028868805804,2.5,8.911296788601623
54.0,10,59.477576381833636,2.5,9.12405237714691
54.01,10,59.65265836056914,2.5,9.304596671636268
54.02,10,60.26366897672571,2.5,9.921064030223462
54.03,10,59.50590083811244,2.5,9.168747066404475
54.04,10,60.058396403850345,2.5,9.726688244981105
54.05,10,58.71839555992736,2.5,8.392127457616757
54.06,10,59.51014736747642,2.5,9.189313771113694
54.07,10,58.69634011997208,2.5,8.38093548461
54.08,10,59.713197071254655,2.5,9.403215857603806
54.09,10,59.595102669972746,2.5,9.2905393443958
54.1,10,59.999853813063666,2.5,9.700702847569547
54.11,10,60.11282740353662,2.5,9.819083275774776
54.12,10,59.37701792788575,2.5,9.088675121140287
54.13,10,59.70735082500038,2.5,9.424403828184415
54.14,10,58.575632439057415,2.5,8.29807574670729
54.15,10,59.51925741346437,2.5,9.247085525733784
54.16,10,58.804435411398,2.5,8.537642834052598
54.17,10,60.06772445504005,2.5,9.806305699451348
54.18,10,59.68366581397214,2.5,9.42761539711196
54.19,10,60.19238725615399,2.5,9.94169970058882
54.2,10,59.847103705703034,2.5,9.601773539588034
54.21,10,59.33394061956957,2.5,9.093962376643082
54.22,10,59.466506467325765,2.5,9.231874686903593
54.23,10,58.65359659772405,2.5,8.424305824693812
54.24,10,59.666901997718014,2.5,9.4429467825333
54.25,10,59.015508336346215,2.5,8.796883235021056
54.26,10,60.32878025103456,2.5,10.115479825137514
54.27,10,59.610896707085644,2.5,9.402915523734482
54.28,10,60.205909346805996,2.5,10.003241978661773
54.29,10,59.427040144518394,2.5,9.229681169779928
54.3,10,59.204995806751306,2.5,9.012939809149323
54.31,10,59.18766389925297,2.5,9.00090546804466
54.32,10,58.81140684218585,2.5,8.62994057214918
54.33,10,59.79460237541591,2.5,9.618422866843984
54.34,10,59.2951481319499,2.5,9.124249990645293
54.35,10,60.48806008610781,2.5,10.322437923376924
54.36,10,59.486563033511715,2.5,9.326211466159203
54.37,10,60.10915980430475,2.5,9.95407345462788
54.38,10,59.01974933540789,2.5,8.86992283119109
54.39,10,59.20100662530097,2.5,9.056434599809917
54.4,10,59.01293150989751,2.5,8.873608601873906
54.41,10,59.07661552829631,2.5,8.94253638195195
54.42,10,59.89728470296205,2.5,9.768443967973427
54.43,10,59.48356547468906,2.5,9.359957806191728
54.44,10,60.43117024875745,2.5,10.312790307340537
54.45,10,59.21470887639377,2.5,9.101551328094297
54.46,10,59.841330529772584,2.5,9.733390046070022
54.47,10,58.63527142943088,2.5,8.532542687241541
54.48,10,59.221006589116975,2.5,9.123484270788367
54.49,10,58.92114993502063,2.5,8.828828728326055
54.5,10,59.456647102939826,2.5,9.369521701072705
54.51,10,59.93949087298266,2.5,9.857555974551218
54.52,10,59.65623523686741,2.5,9.579485545888932
54.53,10,60.26663153027758,2.5,10.19506175617301
54.54,10,59.06602024841372,2.5,8.999625106002132
54.55,10,59.69482829335522,2.5,9.633602502848266
54.56,10,58.52717731399286,2.5,8.471115600989172
54.57,10,59.48270994373407,2.5,9.431807039214132
54.58,10,59.08444140191249,2.5,9.03869204223276
54.59,10,59.879609642815666,2.5,9.839008569703157
54.6,10,59.96544815200991,2.5,9.929990112556911
54.61,10,59.79323494890022,2.5,9.762914695558555
54.62,10,59.965906321478236,2.5,9.940718612054093
54.63,10,58.90334212671468,2.5,8.883281724362826
54.64,10,59.558673390527524,2.5,9.543735063746086
54.65,10,58.553832283634655,2.5,8.544010806259545
54.66,10,59.760531561399794,2.5,9.755821712599365
54.67,10,59.26761096807699,2.5,9.268007532346465
54.68,10,60.247244135303966,2.5,10.252741902460183
54.69,10,59.84732879310823,2.5,9.857922558283958
54.7,10,59.798941012273126,2.5,9.814625575911823
54.71,10,59.591403768202554,2.5,9.61217393605286
54.72,10,58.80619481004937,2.5,8.832045393159902
54.73,10,59.42900322758362,2.5,9.459929042297226
54.74,10,58.68799383764807,2.5,8.723989705596747
54.75,10,59.99224611696908,2.5,10.033306865068269
54.76,10,59.37158817459955,2.5,9.417708635043109
54.77,10,60.42863230193789,2.5,10.47980731219228
54.78,10,59.640363316313696,2.5,9.696587719112987
54.79,10,59.78688006183467,2.5,9.848148705175019
54.8,10,59.23722713911394,2.5,9.303534876248087
54.81,10,58.88749939111352,2.5,8.958841080545621
54.82,10,59.41832523219694,2.5,9.494695737677159
54.83,10,59.00628315588526,2.5,9.087677346404348
54.84,10,60.24673301519369,2.5,10.33314576497778
54.85,10,59.504702704766956,2.5,9.596128893271885
54.86,10,60.49803115828299,2.5,10.594465670189493
54.87,10,59.32685906407931,2.5,9.428296789287169
54.88,10,59.670263266867366,2.5,9.776699100490463
54.89,10,58.963325189666,2.5,9.074754032026744
54.9,10,59.06909532530182,2.5,9.185512081925975
54.91,10,59.447032936942236,2.5,9.568432518553596
54.92,10,59.393652540140714,2.5,9.52002986265568
54.93,10,60.40980769098662,2.5,10.541157675509115
54.94,10,59.57695557776763,2.5,9.71327315058361
54.95,10,60.372270402309745,2.5,10.513550494882097
54.96,10,59.04713752750358,2.5,9.193375076466573
54.97,10,59.614388313373695,2.5,9.765578260527882
54.98,10,58.77494156538407,2.5,8.931078857691176
54.99,10,59.38258959745374,2.5,9.543669187030977
55.0,10,59.548920105366676,0.0,9.714936949481887
55.01,10,59.73406065738787,0.0,9.855870551787328
55.02,10,60.37449455457419,0.0,10.453759861234117
55.03,10,59.54344123783874,0.0,9.581745318916399
55.04,10,60.073085573624844,0.0,10.071936567122409
55.05,10,58.70969183730076,0.0,8.670526252255671
55.06,10,59.52032131225261,0.0,9.444507452080943
55.07,10,58.6807294499811,0.0,8.569570672188116
55.08,10,59.70707254157167,0.0,9.56181036165136
55.09,10,59.62424552733821,0.0,9.446062574308794
55.1,10,60.002817915873116,0.0,9.79284074654064
55.11,10,60.12298642985556,0.0,9.88228820855857
55.12,10,59.40691224260868,0.0,9.136515292873389
55.13,10,59.74492219313037,0.0,9.445800427359059
55.14,10,58.57442701654797,0.0,8.247508249570261
55.15,10,59.529918483783604,0.0,9.176086635822923
55.16,10,58.797377853437084,0.0,8.417475047776493
55.17,10,60.04555660747976,0.0,9.64038516786205
55.18,10,59.66658392532885,0.0,9.236908277882723
55.19,10,60.20867531253824,0.0,9.75522379679409
55.2,10,59.821487862984014,0.0,9.344954456324926
55.21,10,59.30934851498429,0.0,8.810394474670659
55.22,10,59.44249326207218,0.0,8.92174868877827
55.23,10,58.65537955098935,0.0,8.113444877605218
55.24,10,59.690985337927174,0.0,9.128432747197003
55.25,10,59.03960148456089,0.0,8.456976258959937
55.26,10,60.384522263996935,0.0,9.782344071085765
55.27,10,59.636088197844515,0.0,9.01485231418458
55.28,10,60.20156152160664,0.0,9.561739998174213
55.29,10,59.45239191979087,0.0,8.79443469168566
55.3,10,59.24589498309634,0.0,8.570230926206971
55.31,10,59.20164323264847,0.0,8.50868116981089
55.32,10,58.79708019305801,0.0,8.087209852120564
55.33,10,59.761470587202275,0.0,9.035063513296464
55.34,10,59.249382825606695,0.0,8.506793249812697
55.35,10,60.462195720229104,0.0,9.703761386719925
55.36,10,59.44729635295346,0.0,8.673339306602932
55.37,10,60.08240510754579,0.0,9.293232443889622
55.38,10,59.01128825703168,0.0,8.207192836381942
55.39,10,59.17785473097044,0.0,8.359115858395674
55.4,10,59.001512813181094,0.0,8.16839688598487
55.41,10,59.061815515558216,0.0,8.21457663980884
55.42,10,59.88589857883564,0.0,9.024779156426805
55.43,10,59.4899429244791,0.0,8.615174212129903
55.44,10,60.45252379231306,0.0,9.564326433848844
55.45,10,59.26368323201278,0.0,8.362267765203462
55.46,10,59.90003327375232,0.0,8.985600612924939
55.47,10,58.67275907057506,0.0,7.745500966158191
55.48,10,59.259565496336094,0.0,8.319664972438858
55.49,10,58.951976471905816,0.0,7.999608242981279
55.5,10,59.48318900302162,0.0,8.518519870614737
55.51,10,59.97022673000637,0.0,8.993415960537753
55.52,10,59.67792079430022,0.0,8.689120478792745
55.53,10,60.248398971498155,0.0,9.247754368109529
55.54,10,59.04486215232775,0.0,8.032512012510407
55.55,10,59.64711439796653,0.0,8.623191277038
55.56,10,58.48007268485887,0.0,7.44470323772766
55.57,10,59.44975378164541,0.0,8.403059044401367
55.58,10,59.08584903973598,0.0,8.027944697782026
55.59,10,59.870337664663175,0.0,8.801334308030219
55.6,10,59.93185227293129,0.0,8.851855639390457
55.61,10,59.74457247902969,0.0,8.653683685584014
55.62,10,59.92616431591634,0.0,8.824480079227545
55.63,10,58.85448400829422,0.0,7.742096854574502
55.64,10,59.486775896421776,0.0,8.363774361292414
55.65,10,58.46473431337252,0.0,7.331203132170533
55.66,10,59.68207335903579,0.0,8.538093648024219
55.67,10,59.18401312270625,0.0,8.029662551623453
55.68,10,60.211450244665514,0.0,9.046803201026593
55.69,10,59.82929113403325,0.0,8.654418879579183
55.7,10,59.783684259035454,0.0,8.598655078703892
55.71,10,59.599643841861216,0.0,8.404523185637652
55.72,10,58.82201308913967,0.0,7.616863707127764
55.73,10,59.4368115078085,0.0,8.221693578845734
55.74,10,58.70417773014109,0.0,7.47914898426621
55.75,10,60.00591005362615,0.0,8.77102588869354
55.76,10,59.36768960720749,0.0,8.12300319992812
55.77,10,60.3671215114401,0.0,9.112683923114897
55.78,10,59.53100042686607,0.0,8.266860704065818
55.79,10,59.669614406614116,0.0,8.39581967704766
55.8,10,59.17060767700612,0.0,7.887203240806235
55.81,10,58.825315340593065,0.0,7.532344757239416
55.82,10,59.30831454901735,0.0,8.00581972010539
55.83,10,58.898017505585244,0.0,7.586038753638807
55.84,10,60.128971317664366,0.0,8.807547461181779
55.85,10,59.382411923898914,0.0,8.051580348812385
55.86,10,60.34406611705275,0.0,9.003862844772385
55.87,10,59.16180140526449,0.0,7.812261157470413
55.88,10,59.49746101965021,0.0,8.138617279987903
55.89,10,58.79744353762704,0.0,7.4293286104545295
55.9,10,58.9356717492921,0.0,7.558316815619109
55.91,10,59.35288951413919,0.0,7.966324684892999
55.92,10,59.275869644898904,0.0,7.880124011644663
55.93,10,60.26123093491654,0.0,8.856332618153653
55.94,10,59.47749196950227,0.0,8.063468164652416
55.95,10,60.248416973958356,0.0,8.825293995156171
55.96,10,58.902855034911006,0.0,7.470658356701705
55.97,10,59.45383496386129,0.0,8.012589260905576
55.98,10,58.61038063243254,0.0,7.160109817314491
55.99,10,59.213206925443465,0.0,7.753934184671145
56.0,10,59.379733731981375,0.0,7.911481560267648
56.01,10,59.564522224846904,0.0,8.087312457751379
56.02,10,60.166975831943894,0.0,8.680829676955696
56.03,10,59.390382520416935,0.0,7.895320586551827
56.04,10,59.965540756553565,0.0,8.46158308253685
56.05,10,58.6354096226625,0.0,7.122575703765439
56.06,10,59.449617613559944,0.0,7.927926427153285
56.07,10,58.62021892705716,0.0,7.089688956944257
56.08,10,59.59410634390359,0.0,8.054755603490744
56.09,10,59.518109514786175,0.0,7.969955569145516
56.1,10,59.902557977394984,0.0,8.345617964273526
56.11,10,60.00441320289618,0.0,8.438703852721032
56.12,10,59.271937901458806,0.0,7.697475556386426
56.13,10,59.63489288817857,0.0,8.051693520234265
56.14,10,58.487858405944536,0.0,6.895937634294724
56.15,10,59.47490637382297,0.0,7.874279481223053
56.16,10,58.74287314703446,0.0,7.133555095490102
56.17,10,59.99334832972855,0.0,8.375353775409618
56.18,10,59.620520719729015,0.0,7.9938640271702965
56.19,10,60.147262400571385,0.0,8.511957656195385
56.2,10,59.78300906262452,0.0,8.139070087618498
56.21,10,59.273761131359855,0.0,7.621201493936949
56.22,10,59.38443700386855,0.0,7.723270030944423
56.23,10,58.56482316477819,0.0,6.895061953088822
56.24,10,59.61570015186928,0.0,7.937357578558751
56.25,10,58.99301726530271,0.0,7.306105998004333
56.26,10,60.33121482578005,0.0,8.635747332216866
56.27,10,59.621751492820195,0.0,7.917740049946887
56.28,10,60.22597894991225,0.0,8.513435652619844
56.29,10,59.43681661504067,0.0,7.715753384446515
56.3,10,59.234830481024375,0.0,7.505259072365471
56.31,10,59.21128459031219,0.0,7.473216600462275
56.32,10,58.813477357786155,0.0,7.0669242324134025
56.33,10,59.817237628521134,0.0,8.062210668904523
56.34,10,59.32490659408729,0.0,7.5614169636073
56.35,10,60.54715201070356,0.0,8.775210741023155
56.36,10,59.53646889786262,0.0,7.756086894813334
56.37,10,60.18178429053492,0.0,8.392972339721616
56.38,10,59.07236063224416,0.0,7.275129404382949
56.39,10,59.228552434981324,0.0,7.4229124909819015
56.4,10,59.04476752540353,0.0,7.230729321209836
56.41,10,59.150966496367325,0.0,7.328540387566678
56.42,10,59.9415056249053,0.0,8.110701871117989
56.43,10,59.5268222356727,0.0,7.687651004731704
56.44,10,60.49414468836758,0.0,8.64661606029942
56.45,10,59.30847967413949,0.0,7.452603644955097
56.46,10,59.938822961069654,0.0,8.074609446374296
56.47,10,58.745194571826524,0.0,6.872653410257499
56.48,10,59.339386388885295,0.0,7.45852734538619
56.49,10,59.02127422509792,0.0,7.132106994036082
56.5,10,59.53836789766771,0.0,7.640902105803904
56.51,10,60.06381259377446,0.0,8.158057803090276
56.52,10,59.78398301470364,0.0,7.869948725094796
56.53,10,60.34686132527753,0.0,8.424556977118165
56.54,10,59.15518114723784,0.0,7.224616123823412
56.55,10,59.76292673104403,0.0,7.824110360917135
56.56,10,58.597670672837495,0.0,6.650612232003331
56.57,10,59.553270693004556,0.0,7.59797940704101
56.58,10,59.16740721846664,0.0,7.203892264533441
56.59,10,59.98877102231938,0.0,8.017041531072177
56.6,10,60.067046794948126,0.0,8.087111852360973
56.61,10,59.89210736782548,0.0,7.90397601692707
56.62,10,60.093509412353136,0.0,8.097190654880254
56.63,10,59.03628911145976,0.0,7.031791909431936
56.64,10,59.63038592010952,0.0,7.61771919732905
56.65,10,58.64714140107072,0.0,6.626314044551454
56.66,10,59.85311845907608,0.0,7.824139320403985
56.67,10,59.31855489602114,0.0,7.2814327926506435
56.68,10,60.338725071510865,0.0,8.293468787999405
56.69,10,59.96978730371206,0.0,7.916405592895864
56.7,10,59.93677560864928,0.0,7.875277192763941
56.71,10,59.70055892516091,0.0,7.630952496907998
56.72,10,58.94016418942909,0.0,6.862458412992915
56.73,10,59.52150780569178,0.0,7.4357113177075815
56.74,10,58.79004179278203,0.0,6.696163203258195
56.75,10,60.09830079990202,0.0,7.9963486930988905
56.76,10,59.47493539760089,0.0,7.364918332867977
56.77,10,60.509816516867204,0.0,8.391743029440402
56.78,10,59.74593345540883,0.0,7.619812057170382
56.79,10,59.87558358510467,0.0,7.741422765306911
56.8,10,59.35184726298059,0.0,7.209655488935756
56.81,10,58.98576829972092,0.0,6.835554017458015
56.82,10,59.51001313839156,0.0,7.351784773282601
56.83,10,59.11278979820568,0.0,6.946555755562236
56.84,10,60.37394266534084,0.0,8.199711330982376
56.85,10,59.60131509992591,0.0,7.419094840721346
56.86,10,60.544946934122116,0.0,8.354746098506439
56.87,10,59.404899351690396,0.0,7.206726270156029
56.88,10,59.747004949432856,0.0,7.540867934998683
56.89,10,59.015999642031666,0.0,6.801906990689893
56.9,10,59.12840989322752,0.0,6.906369884369304
56.91,10,59.55344834955296,0.0,7.323469246374334
56.92,10,59.48991046557834,0.0,7.252000515467109
56.93,10,60.50847796800415,0.0,8.262645402908548
56.94,10,59.7092825221016,0.0,7.455535558881778
56.95,10,60.48005753485235,0.0,8.218404375615776
56.96,10,59.140373826336976,0.0,6.870822658757556
56.97,10,59.73550277076358,0.0,7.4580617683864245
56.98,10,58.89771907176111,0.0,6.6123963942929915
56.99,10,59.502475544986,0.0,7.209279338572375
57.0,10,59.71533733527492,0.0,7.414275732763985
57.01,10,59.893278369289355,0.0,7.584359490483738
57.02,10,60.46641349702946,0.0,8.149645448926698
57.03,10,59.63490213173024,0.0,7.310293008751794
57.04,10,60.18825075055169,0.0,7.855808634761591
57.05,10,58.830013001271105,0.0,6.489745962584383
57.06,10,59.581231445573884,0.0,7.233147541955677
57.07,10,58.789641228742575,0.0,6.433748506397653
57.08,10,59.79748026966513,0.0,7.433786763219258
57.09,10,59.68546743808854,0.0,7.313981170761319
57.1,10,60.06366579817407,0.0,7.684394781943891
57.11,10,60.18903118207761,0.0,7.801983417839035
57.12,10,59.47507287854395,0.0,7.080256356258406
57.13,10,59.84966250210018,0.0,7.44708520093916
57.14,10,58.690155065302406,0.0,6.279824953784714
57.15,10,59.62189961827632,0.0,7.203824654398933
57.16,10,58.852369918075844,0.0,6.426558049438882
57.17,10,60.110096876972236,0.0,7.676556040898647
57.18,10,59.71829481818232,0.0,7.277032941831868
57.19,10,60.213805114337845,0.0,7.764830114816019
57.2,10,59.838381392155405,0.0,7.381701176617797
57.21,10,59.34998464812025,0.0,6.88560711387221
57.22,10,59.5071672565767,0.0,7.035100291168575
57.23,10,58.68008000546959,0.0,6.2003314867878085
57.24,10,59.73754337281386,0.0,7.250121169167799
57.25,10,59.112007863266285,0.0,6.616919833472073
57.26,10,60.45492121990329,0.0,7.952175213363032
57.27,10,59.79212041985,0.0,7.2817242766284425
57.28,10,60.37373903380636,0.0,7.855700584703675
57.29,10,59.62008350895958,0.0,7.094410575581559
57.3,10,59.434663399208134,0.0,6.901363794032892
57.31,10,59.39517805734358,0.0,6.854259583785866
57.32,10,59.00029837154535,0.0,6.451768824017807
57.33,10,60.03730420343209,0.0,7.481171367404414
57.34,10,59.543787275237484,0.0,6.980058927292623
57.35,10,60.713208431602325,0.0,8.141892339490825
57.36,10,59.71297776542146,0.0,7.134081688113222
57.37,10,60.332572161432935,0.0,7.746103849167189
57.38,10,59.25075070709546,0.0,6.65671790142852
57.39,10,59.41508409478141,0.0,6.813494528632567
57.4,10,59.22712162774847,0.0,6.617983025444191
57.41,10,59.29544319499204,0.0,6.678763272308108
57.42,10,60.112520579568454,0.0,7.488307043770923
57.43,10,59.72234154167694,0.0,7.090602091561088
57.44,10,60.68630076137699,0.0,8.047043087305246
57.45,10,59.495416521014825,0.0,6.848648304952584
57.46,10,60.10517398291169,0.0,7.450902898462521
57.47,10,58.8969882922085,0.0,6.235222004647447
57.48,10,59.48403230943564,0.0,6.81477847574191
57.49,10,59.205878119360506,0.0,6.529144388248355
57.5,10,59.693451667201764,0.0,7.009245679150654
57.51,10,60.19949406278894,0.0,7.507823450072358
57.52,10,59.90241057500758,0.0,7.203282961721345
57.53,10,60.49500577671049,0.0,7.788428778799593
57.54,10,59.275298444533775,0.0,6.561279669818248
57.55,10,59.91678094021497,0.0,7.195327988415501
57.56,10,58.713110773796316,0.0,5.984231236558327
57.57,10,59.67185577499965,0.0,6.935557235916899
57.58,10,59.2472398713621,0.0,6.503529905999846
57.59,10,60.073957577771395,0.0,7.322843753687967
57.6,10,60.138419646446856,0.0,7.379909523215538
57.61,10,59.98826412812796,0.0,7.222365257357458
57.62,10,60.15460322282104,0.0,7.381323148175775
57.63,10,59.08936214059757,0.0,6.308708397817198
57.64,10,59.68928362298317,0.0,6.901263739901338
57.65,10,58.71761460535787,0.0,5.922236101921125
57.66,10,59.91659473964367,0.0,7.113865127928877
57.67,10,59.385382601786475,0.0,6.5753093860186125
57.68,10,60.357599160587554,0.0,7.540189837156428
57.69,10,59.98871721783235,0.0,7.163979275309305
57.7,10,59.938427407181145,0.0,7.106368326335003
57.71,10,59.73096027816232,0.0,6.8915875319752224
57.72,10,58.9621529726524,0.0,6.115474026334918
57.73,10,59.54156857864119,0.0,6.687590889647518
57.74,10,58.84364456346475,0.0,5.982375581507019
57.75,10,60.15408708989229,0.0,7.2855342569550405
57.76,10,59.536331227943485,0.0,6.6605019782974155
57.77,10,60.57921905090871,0.0,7.696120811124529
57.78,10,59.765718435629694,0.0,6.875358624591245
57.79,10,59.88076897964088,0.0,6.983155008558382
57.8,10,59.32392835742138,0.0,6.419067629844097
57.81,10,58.95661762313698,0.0,6.044517534965867
57.82,10,59.47121593646738,0.0,6.551883875967253
57.83,10,59.06010687648607,0.0,6.133550224298014
57.84,10,60.31216169458933,0.0,7.378387823742076
57.85,10,59.55153231770667,0.0,6.610548593628756
57.86,10,60.53348835368069,0.0,7.5853021342115285
57.87,10,59.4013537806507,0.0,6.445972416052184
57.88,10,59.777709363303366,0.0,6.81514019627061
57.89,10,59.046433152469206,0.0,6.076683518141853
57.9,10,59.13615156389791,0.0,6.159228789870468
57.91,10,59.50901246493292,0.0,6.524923871265824
57.92,10,59.41789283681614,0.0,6.426645736045803
57.93,10,60.423844514310765,0.0,7.425446211460016
57.94,10,59.603261650648335,0.0,6.597719443236751
57.95,10,60.37029827022506,0.0,7.35761944827877
57.96,10,59.027689046110794,0.0,6.007880892172655
57.97,10,59.60785802258789,0.0,6.580927811726911
57.98,10,58.77743235870929,0.0,5.743387358530715
57.99,10,59.39396394604326,0.0,6.352811416697805
58.0,10,59.601688198693374,0.0,6.553435392887071
58.01,10,59.784221416089295,0.0,6.728875579092527
58.02,10,60.36444000154443,0.0,7.302008371201411
58.03,10,59.57865559669234,0.0,6.50914540343013
58.04,10,60.18652570659565,0.0,7.109944173433461
58.05,10,58.87273521242671,0.0,5.789089554984848
58.06,10,59.65414933517381,0.0,6.5634467616824885
58.07,10,58.87659003369839,0.0,5.77883774500675
58.08,10,59.87431970993782,0.0,6.769524899522833
58.09,10,59.786934034431006,0.0,6.6751038884057925
58.1,10,60.19118130782089,0.0,7.072323004943776
58.11,10,60.340698457645146,0.0,7.214819169328167
58.12,10,59.60048375253169,0.0,6.467590642848896
58.13,10,59.93048977074689,0.0,6.790589996443047
58.14,10,58.81304860849176,0.0,5.666149318990856
58.15,10,59.76016214474292,0.0,6.606270482156244
58.16,10,59.01165526740272,0.0,5.850778366537301
58.17,10,60.269042056404665,0.0,7.101187044771667
58.18,10,59.86975234867893,0.0,6.694926346501709
58.19,10,60.3766172213016,0.0,7.194827341523886
58.2,10,60.05708542441678,0.0,6.868338772710878
58.21,10,59.5254563980364,0.0,6.329760072811272
58.22,10,59.665255030308955,0.0,6.4626161227181695
58.23,10,58.809541091338396,0.0,5.599966685288215
58.24,10,59.856475761329364,0.0,6.639972933486877
58.25,10,59.20958724958455,0.0,5.986163069385114
58.26,10,60.524529305197206,0.0,7.294190834852976
58.27,10,59.79288122922758,0.0,6.555635523734961
58.28,10,60.395089478849066,0.0,7.150943585996598
58.29,10,59.60079792789518,0.0,6.349758888271396
58.3,10,59.40520878530626,0.0,6.147283632307631
58.31,10,59.33991752777349,0.0,6.075113287611818
58.32,10,58.9773252695113,0.0,5.705648961221797
58.33,10,59.9853300601204,0.0,6.706788695569024
58.34,10,59.47158830066828,0.0,6.186188884559807
58.35,10,60.679339306847126,0.0,7.387088836732436
58.36,10,59.6997208316805,0.0,6.40062629796446
58.37,10,60.32246035044267,0.0,7.016528736391484
58.38,10,59.26168301466366,0.0,5.94892129641258
58.39,10,59.450123614131584,0.0,6.130538760692556
58.4,10,59.30409386429224,0.0,5.977692837561298
58.41,10,59.380216868631344,0.0,6.0470066233961575
58.42,10,60.21546302124871,0.0,6.875450505195978
58.43,10,59.79379000924038,0.0,6.446982162963503
58.44,10,60.75298553147353,0.0,7.399389288479899
58.45,10,59.61367852105023,0.0,6.253300807768769
58.46,10,60.250926515046174,0.0,6.883774250834776
58.47,10,59.054440171746265,0.0,5.680520268898954
58.48,10,59.59103956392425,0.0,6.210358927678922
58.49,10,59.32179754554929,0.0,5.934363074094787
58.5,10,59.82212354087566,0.0,6.427942125359209
58.51,10,60.32086664800165,0.0,6.919945172536424
58.52,10,60.03911710553689,0.0,6.631462447208948
58.53,10,60.62493003336687,0.0,7.210549062242701
58.54,10,59.44325867441041,0.0,6.022158253544264
58.55,10,60.047553235470474,0.0,6.619740220911586
58.56,10,58.88369317342774,0.0,5.449174414227424
58.57,10,59.812680897372594,0.0,6.371463235591714
58.58,10,59.37857169499645,0.0,5.9306619657125506
58.59,10,60.16624360450841,0.0,6.7116486358231855
58.6,10,60.2475778363158,0.0,6.786304449361895
58.61,10,60.11138963464864,0.0,6.643444643597166
58.62,10,60.27004755875631,0.0,6.795437770823893
58.63,10,59.191220991956605,0.0,5.709953207412712
58.64,10,59.80866246361222,0.0,6.320743475786292
58.65,10,58.80028947205203,0.0,5.305726067340324
58.66,10,60.02849515019137,0.0,6.527294108064621
58.67,10,59.53353887010163,0.0,6.025706963111904
58.68,10,60.53555196659361,0.0,7.021095960381369
58.69,10,60.15477622526117,0.0,6.633702878562421
58.7,10,60.09805216186937,0.0,6.570368226523092
58.71,10,59.92020578909418,0.0,6.385918010048927
58.72,10,59.14882007532549,0.0,5.60793519064671
58.73,10,59.71174607716917,0.0,6.164270818046395
58.74,10,58.99924369535007,0.0,5.4451847861038125
58.75,10,60.315072524745915,0.0,6.754436682834777
58.76,10,59.646649239485484,0.0,6.0794431755131635
58.77,10,60.693800733186734,0.0,7.120031150909123
58.78,10,59.88137362421366,0.0,6.301047220545777
58.79,10,60.072468668575624,0.0,6.485592133598953
58.8,10,59.563428606272986,0.0,5.9700086232419185
58.81,10,59.18130467607902,0.0,5.581347921428414
58.82,10,59.66184623958683,0.0,6.055359382938646
58.83,10,59.26066753820685,0.0,5.647657242377225
58.84,10,60.51988056826911,0.0,6.900353489275424
58.85,10,59.81897842849313,0.0,6.1929412155609755
58.86,10,60.76109978994085,0.0,7.128559085510781
58.87,10,59.60072736593749,0.0,5.961689805672098
58.88,10,59.920203613193806,0.0,6.27467582598482
58.89,10,59.18938205337094,0.0,5.537370661345915
58.9,10,59.29972635226389,0.0,5.641237970793283
58.91,10,59.65714136663119,0.0,5.992182604335158
58.92,10,59.557550594807225,0.0,5.886128053562638
58.93,10,60.58158235801813,0.0,6.903702632965455
58.94,10,59.75485562055096,0.0,6.070525300101042
58.95,10,60.500690587048595,0.0,6.809916252889667
58.96,10,59.17165079835312,0.0,5.474439025457756
58.97,10,59.75343754329959,0.0,6.049794899931239
58.98,10,58.963392799933594,0.0,5.253325847653826
58.99,10,59.56985742156019,0.0,5.853372715235275
59.0,10,59.75131468383998,0.0,6.028418771647882
59.01,10,59.944825008519715,0.0,6.215524431956996
59.02,10,60.55405161691573,0.0,6.818352910804072
59.03,10,59.761042231895935,0.0,6.018951924389308
59.04,10,60.33072398210877,0.0,6.582248594699971
59.05,10,59.005738937949346,0.0,5.250884985477085
59.06,10,59.79802028069575,0.0,6.036794271351245
59.07,10,58.96833885169641,0.0,5.2007472870301665
59.08,10,59.96650698792131,0.0,6.192556362850078
59.09,10,59.868575537273166,0.0,6.088272340086516
59.1,10,60.30061669371468,0.0,6.51396740608194
59.11,10,60.37861217210339,0.0,6.585623269080296
59.12,10,59.67814545729422,0.0,5.878823407329816
59.13,10,59.99575708196947,0.0,6.190108346912579
59.14,10,58.86842307501163,0.0,5.056454110117939
59.15,10,59.83455168844469,0.0,6.016268942383144
59.16,10,59.103573702160304,0.0,5.2789836170202085
59.17,10,60.36981820929535,0.0,6.538927220592716
59.18,10,59.97695446253248,0.0,6.139768999217063
59.19,10,60.47914654877944,0.0,6.635673033241163
59.2,10,60.10933260362797,0.0,6.259577451703818
59.21,10,59.56475635861335,0.0,5.708725979593943
59.22,10,59.70022506794112,0.0,5.837925864577432
59.23,10,58.8556750568295,0.0,4.9871134253396505
59.24,10,59.88894023937395,0.0,6.014122569449629
59.25,10,59.270291568822124,0.0,5.389224243635525
59.26,10,60.59805045347872,0.0,6.710739849689119
59.27,10,59.87640115772796,0.0,5.982853645488087
59.28,10,60.451390148658675,0.0,6.551612091621801
59.29,10,59.66422731906004,0.0,5.758225074386339
59.3,10,59.41530396058699,0.0,5.50308387895019
59.31,10,59.37529106692,0.0,5.456859492514003
59.32,10,59.01630643887055,0.0,5.091669709416197
59.33,10,60.00573264152046,0.0,6.074897088271945
59.34,10,59.49301545635317,0.0,5.555987404104782
59.35,10,60.711042321602385,0.0,6.767828088694966
59.36,10,59.70807116491686,0.0,5.758677063244433
59.37,10,60.356580306379605,0.0,6.401012641396078
59.38,10,59.28838568857206,0.0,5.32665075929773
59.39,10,59.44060044706226,0.0,5.472704546090304
59.4,10,59.26721634404957,0.0,5.293165757552643
59.41,10,59.34021707415765,0.0,5.360018081894427
59.42,10,60.1522834557887,0.0,6.165942331110543
59.43,10,59.75825509869263,0.0,5.765778108549939
59.44,10,60.734545786929544,0.0,6.735939191878425
59.45,10,59.58261295099903,0.0,5.577883005207723
59.46,10,60.17893902566981,0.0,6.168091976925422
59.47,10,58.984489657956544,0.0,4.967531747671222
59.48,10,59.53106301876626,0.0,5.508000481983984
59.49,10,59.2206213225974,0.0,5.19146038800041
59.5,10,59.725410466342055,0.0,5.690157356257124
59.51,10,60.20145643373363,0.0,6.160117364138944
59.52,10,59.8967493728382,0.0,5.849330553369419
59.53,10,60.495655050820446,0.0,6.442162684777539
59.54,10,59.322876513507644,0.0,5.26331679786128
59.55,10,59.969061557773884,0.0,5.903440683171541
59.56,10,58.788741158106845,0.0,4.717065308879761
59.57,10,59.764866116052836,0.0,5.687141470222149
59.58,10,59.385968041234946,0.0,5.302200770518155
59.59,10,60.16550262893992,0.0,6.075698898757515
59.6,10,60.26830468560397,0.0,6.17247065508557
59.61,10,60.057252172702114,0.0,5.955393994693144
59.62,10,60.23886830264192,0.0,6.1309921237097535
59.63,10,59.20616296071764,0.0,5.0922749211583875
59.64,10,59.82315013805077,0.0,5.703256371895259
59.65,10,58.84326163879334,0.0,4.7173682738137845
59.66,10,60.08289273713696,0.0,5.951005894853266
59.67,10,59.61383692782954,0.0,5.475962723515624
59.68,10,60.575810680365066,0.0,6.431955223055379
59.69,10,60.18600024349707,0.0,6.036169635992891
59.7,10,60.143405832215805,0.0,5.987606171091441
59.71,10,59.93897773665399,0.0,5.777215112263392
59.72,10,59.16692331107429,0.0,4.9992038075572625
59.73,10,59.73569789451925,0.0,5.5620275898077525
59.74,10,58.989709390230374,0.0,4.810094356055025
59.75,10,60.28640710891828,0.0,6.100853410814487
59.76,10,59.62804482617471,0.0,5.436558523489123
59.77,10,60.705522173613645,0.0,6.508109319510351
59.78,10,59.92110483892052,0.0,5.71777148038757
59.79,10,60.04829510374235,0.0,5.8390472815977255
59.8,10,59.56792290758097,0.0,5.35276665647921
59.81,10,59.21219043719414,0.0,4.991131785632533
59.82,10,59.723407113299935,0.0,5.496452083624527
59.83,10,59.311613028832085,0.0,5.078767637244444
59.84,10,60.56732365222819,0.0,6.328593908791344
59.85,10,59.810807586373635,0.0,5.566199495018286
59.86,10,60.724631952537614,0.0,6.474151511068674
59.87,10,59.59305032794729,0.0,5.336703528049894
59.88,10,59.92910685965305,0.0,5.666899686898881
59.89,10,59.214742606355166,0.0,4.946681040208784
59.9,10,59.32640223200008,0.0,5.052492245825027
59.91,10,59.70202460829435,0.0,5.422272169359321
59.92,10,59.574851020454226,0.0,5.289262089939513
59.93,10,60.577304884484946,0.0,6.285885417488422
59.94,10,59.76937069731951,0.0,5.472126642862979
59.95,10,60.581754053329306,0.0,6.278691354364641
59.96,10,59.21174479440278,0.0,4.902869387818096
59.97,10,59.764484320782884,0.0,5.449802137408846
59.98,10,58.99122708089895,0.0,4.670744045514807
59.99,10,59.54784144386051,0.0,5.221563475200244
60.0,10,59.70143493752662,2.5,5.369367948285438
